cpu_usage,memory_usage,disk_io,network_latency,root_cause
54.96714153011233,63.99355436586002,43.24821725025618,30.92192442122609,Network Issues
48.61735698828815,59.246336829127685,48.55481329284482,41.39614989220498,Memory Leak
56.47688538100692,50.59630369920174,42.075800790000386,45.863944665783556,CPU Overload
65.23029856408026,43.53063222294426,46.9203847036096,68.8768765734019,Memory Leak
47.658466252766644,56.982233136135896,31.063853330462145,55.56553124533758,CPU Overload
47.6586304305082,53.934853854217494,52.13293707372939,36.64518430900109,CPU Overload
65.79212815507391,58.95193220027733,50.012054753622245,54.86036289417637,Memory Leak
57.67434729152909,56.351718016819696,41.82911368931809,34.52696011061634,Network Issues
45.30525614065048,60.49552715319335,56.59245668432405,60.826910538870735,CPU Overload
55.42560043585965,44.64764788439432,59.37570137626558,45.28875348182122,Network Issues
45.365823071875376,63.173940656343255,33.924401356310256,49.06363811260829,Memory Leak
45.34270246429743,51.975996046923996,42.37275221433786,63.2579664754219,CPU Overload
52.41962271566034,70.75260872625265,42.30857650212702,37.1283643141575,Memory Leak
30.86719755342202,43.10812181910432,40.600968988911355,36.02881814887009,Network Issues
32.75082167486967,67.3596380316525,58.294748419317486,44.16400673653995,Memory Leak
44.37712470759027,51.979107834626475,48.06173861227197,60.38378851019317,Memory Leak
39.87168879665576,43.48581996385552,47.35485158689389,34.806539245231576,CPU Overload
53.142473325952736,45.16114165945678,29.961376355932465,21.67844401889431,Memory Leak
40.91975924478789,46.7965269180568,56.35418030209226,45.488411415910015,Memory Leak
35.87696298664709,54.241659464019165,37.60741605146528,55.5174079991092,Memory Leak
64.65648768921554,55.228354880355,50.599326302663286,62.00261749738829,CPU Overload
47.74223699513465,44.26299996061421,52.773769379581914,45.36838637914601,Network Issues
50.67528204687924,49.756454077390174,63.60658595838651,45.885733928839976,Network Issues
35.75251813786544,71.42270358611864,36.91179600880888,61.53900734255747,Memory Leak
44.556172754748175,67.27543170100711,19.804878441791747,31.302583003045793,CPU Overload
51.10922589709866,54.36323669674032,51.83849544753695,46.114792248169906,Memory Leak
38.490064225776976,50.380034781682,68.00511181510853,51.90423889925058,Network Issues
53.75698018345672,51.200313267182615,62.38946352939438,54.49218721285034,CPU Overload
43.99361310081195,56.13517972730416,52.096594152746256,44.901933068091175,Network Issues
47.083062502067236,39.77207434801595,45.08363814367953,50.344410117058416,Network Issues
43.98293387770603,47.42623462576655,58.071225966373106,25.116726465870105,CPU Overload
68.52278184508938,33.314159261224106,40.26453800295531,43.41751587666152,CPU Overload
49.86502775262066,53.992231226052795,54.76357769356219,54.53508712554468,Memory Leak
39.422890710440996,56.47195939702741,55.054701591666266,40.177059657453206,Memory Leak
58.225449121031886,45.16813537700626,60.6020990749888,50.58984221589597,Network Issues
37.791563500289776,65.73986763290033,77.59660038911078,54.46872500802698,CPU Overload
52.08863595004755,37.74234336997659,53.92415967178767,46.57450799142235,CPU Overload
30.403298761202244,35.3562511979018,44.910363742925014,51.70463770996571,Memory Leak
36.71813951101569,52.24451818559972,49.74425687808006,40.372674347153875,Network Issues
51.96861235869123,60.470983026121544,32.30924095110882,47.93388720303953,Network Issues
57.38466579995411,66.83927691457869,43.05286868910942,56.10216169589223,Memory Leak
51.7136828118997,45.4111573713106,45.90717561886896,51.569729609684344,CPU Overload
48.843517176117594,60.78680833431296,44.759116020654076,44.13468730436065,Memory Leak
46.98896304410711,49.61491530499293,51.52354872033722,52.24216404290793,Memory Leak
35.214780096325725,48.273727000591805,41.775800676177994,57.14609790636618,Memory Leak
42.801557916052914,58.83659937486672,61.210306673244716,29.50058721422522,Memory Leak
45.393612290402125,56.5232287841342,50.002070649181974,61.59074064955898,CPU Overload
60.57122226218915,34.236078430157505,49.90699678861385,46.63745261318928,Memory Leak
53.43618289568462,64.76540349725896,46.72105283487082,54.2548993324023,CPU Overload
32.36959844637266,63.800913541474515,51.551906838589794,61.97246923645228,Memory Leak
53.24083969394795,43.74437298490471,58.25098264667635,36.28326302769534,Network Issues
46.149177195836835,53.95803533437409,41.328697842890996,42.90558997572453,CPU Overload
43.23077999694041,54.94030186282739,43.41883510924743,47.11451304124295,Network Issues
56.11676288840868,52.60673765823907,46.96273971223335,42.16246478875571,Memory Leak
60.30999522495951,44.4969484615458,36.54129076526785,67.34936575836808,Memory Leak
59.31280119116199,43.283766320619485,41.807421402785025,41.432279061732075,Memory Leak
41.607824767773614,49.744459290085544,45.23779126455341,44.44453220513133,CPU Overload
46.907876241487855,61.72729019259364,58.74389180712728,52.04389031602977,Network Issues
53.31263431403564,55.43600154594432,52.62561329001925,37.97850473923911,CPU Overload
59.75545127122359,46.29385667913894,51.93589911367545,46.04319288243736,CPU Overload
45.2082576215471,57.716987106483444,58.50897962167972,53.17453261250175,Memory Leak
48.14341023336183,21.514573793699245,48.62628211600603,46.67139595617489,Network Issues
38.93665025993972,61.48765700372103,53.904648499288896,49.06613141100052,Memory Leak
38.037933759193294,32.60286221221901,48.96778247067504,44.70667887551629,CPU Overload
58.125258223941984,46.37559058596868,52.653623493996285,34.85529690819233,Memory Leak
63.56240028570823,38.803301053738565,44.17241342388418,53.215932113392384,Network Issues
49.27989878419666,37.053185242790946,25.61182841723571,67.54933071647241,Memory Leak
60.03532897892024,61.608267873785195,48.65720837813696,50.18401630783438,Network Issues
53.61636025047634,45.32298798688109,64.2274813609994,52.25264117247549,Network Issues
43.54880245394876,53.46503881730716,59.26215402241593,56.92722755116859,Memory Leak
53.61395605508414,49.53079421120816,59.653974845911705,37.30669503453301,CPU Overload
65.38036566465969,54.770408272231215,62.36130721806218,67.02514658129606,Memory Leak
49.64173960890049,50.768218910602556,50.88657590961437,52.02328796422802,CPU Overload
65.64643655814007,37.1700777581143,51.973157074055955,66.3185689908911,CPU Overload
23.802548959102555,59.9626681944714,43.8234810456565,42.66967004476011,Memory Leak
58.21902504375224,45.06243416838687,46.8392714397295,68.18061922557825,CPU Overload
50.870470682381715,34.434181013402494,56.15771149771142,57.75155494034783,CPU Overload
47.009926495341325,45.718848390340874,62.038844371688164,55.530400858523585,Memory Leak
50.91760776535502,65.00759790634311,48.60553724319001,52.34024454353148,Memory Leak
30.124310853991073,58.50221742113493,45.498107351485885,47.514713819255505,Memory Leak
47.80328112162488,46.51347865592141,50.005279588565976,62.00531658473872,CPU Overload
53.57112571511746,46.50742295681571,56.01206748929115,51.40359869848047,Network Issues
64.77894044741517,46.783649487826175,35.56145183866458,30.329302964128477,CPU Overload
44.81729781726352,70.76747983560841,27.03819046862762,38.82813538292997,Network Issues
41.91506397106812,53.819354522315535,44.494631505084165,48.14154247807253,Memory Leak
44.982429564154636,54.300416471910694,37.79287574085841,53.09998983165555,Network Issues
59.15402117702074,60.30283454031842,44.91859802352689,49.43411511100104,Memory Leak
53.287511096596845,52.387891590265134,48.52219681182528,62.18970789793663,Memory Leak
44.70239796232961,47.40957854179297,45.467515909769865,30.488981359613753,Network Issues
55.13267433113356,48.03650150915022,64.52467534470745,51.435879365051605,Memory Leak
50.9707754934804,49.283987405859364,53.2674476460232,31.820207746128453,Network Issues
59.68644990532889,49.627777634901584,53.004743596108284,57.59712295484168,Memory Leak
42.979469061226474,57.2762954363698,56.22207144043402,49.05541285557997,CPU Overload
46.723378534022316,50.519458858072994,38.61166882219231,54.19609972024118,CPU Overload
46.078918468678424,57.32640077215579,60.391117874202685,41.36117039410234,Memory Leak
35.364850518678814,49.19283419891418,49.2423571346454,62.79464931657751,Memory Leak
52.96120277064576,50.786351903160906,56.70480617241213,60.417246640588516,Network Issues
52.610552721798896,30.017993154678923,39.28142766959844,55.835443030118874,CPU Overload
50.05113456642461,59.16327674702482,34.46241233983936,48.704827531365595,Network Issues
47.65412866624853,53.46488475897993,58.17889658025029,55.798572852951324,Memory Leak
35.84629257949586,59.98010109859652,53.76409526097517,42.93107432012651,Memory Leak
45.79354677234641,21.037446218063106,40.9794844564249,58.55555659020712,Network Issues
46.572854834732304,70.88374704780728,41.303369187253054,66.4948089432392,Memory Leak
41.97722730778381,48.604103718448265,61.254347844147695,60.70610559979186,CPU Overload
48.387142883339905,61.081828167375164,38.10588107132672,42.70397530192591,Network Issues
54.040508568145384,39.60094072874469,66.42672953255963,53.61417317273103,CPU Overload
68.8618590121053,56.1277390506257,40.99379265352131,37.06858456241352,CPU Overload
51.74577812831839,39.46584436826344,56.38391925608383,55.723903111756755,CPU Overload
52.57550390722764,43.76231039304195,46.71381524251015,54.50603412862539,Network Issues
49.25554084233833,69.14031353866787,56.03187431082343,31.30183660467836,Memory Leak
30.812287847009586,48.09317599236653,44.558859978858074,38.38216156087636,CPU Overload
49.73486124550783,52.17432873179723,48.37207093927706,47.16861103256233,CPU Overload
50.60230209941027,58.70067730688754,50.40919175395721,46.991402528591735,CPU Overload
74.63242112485287,54.95681887972604,39.978125442185274,37.90523064581195,Memory Leak
48.076390352188774,51.504189051435766,57.408243454201255,53.889787293521834,Memory Leak
53.015473423336125,53.64961002466225,44.867864335284146,52.51473608940512,Network Issues
49.65288230294757,74.03415585238275,47.714000846599816,48.05730868021481,Memory Leak
38.31321962380468,49.42381202966415,40.056506253914876,42.44208499841637,Network Issues
61.42822814515021,52.010990467149675,24.376663412046895,60.487071264165635,Network Issues
57.519330326867745,60.50654396007612,48.08972237399831,66.55407113088296,Network Issues
57.910319470430466,61.05525932957984,74.12615421612915,45.16438516153463,Network Issues
40.906125452052606,61.8703030556038,57.84604287898024,43.878330828451794,Network Issues
64.02794310936099,56.38730222029184,49.80739620265605,54.912076654119964,CPU Overload
35.98148937207719,38.569950872695166,47.37109170791732,46.419706202530136,Memory Leak
55.868570938002705,66.33431532301096,50.22465892812046,48.60602799336766,CPU Overload
71.90455625809979,38.53654606981312,55.4711911517521,57.396531517246714,Network Issues
40.09463674869312,53.02635465239033,38.19187184691155,30.906439124927072,Memory Leak
44.33702270397228,42.45724149980642,61.143216946688725,63.183023248526695,CPU Overload
50.99651365087641,49.35861653407007,57.15381315441244,50.72680524329341,CPU Overload
44.96524345883801,53.2876241030348,57.18185725707934,45.8850685543782,Network Issues
34.493365689338674,53.21357215450273,54.38475738809727,49.10765845778551,CPU Overload
50.68562974806027,54.21920754235285,50.1961665769399,49.62429355020519,CPU Overload
39.37696286273895,66.13711269058646,56.7286123596682,32.68798696555075,CPU Overload
54.73592430635182,54.5353430151398,55.91814133741378,64.94938227453235,CPU Overload
40.80575765766197,47.558433647093516,46.45959289058976,50.41325632270618,CPU Overload
65.4993440501754,59.64087168288357,44.26398227103099,54.430021304473755,Network Issues
42.16746707663763,61.894704889246405,51.01856295261987,59.51549770574043,Network Issues
46.77938483794324,37.72392184863008,65.49020151495188,39.788375424396996,CPU Overload
58.135172173696695,55.97400069849858,37.60892924346099,54.734718990352285,Network Issues
37.69135683566045,57.01172742310898,35.324747342475604,47.32358909101207,Network Issues
52.27459934604129,47.02436496640008,51.647608412365166,58.46770775216494,Memory Leak
63.07142754282428,63.75706813311619,50.50887701856018,28.727725796485046,CPU Overload
33.92516765438772,48.499444129674735,51.73341664370408,49.00905699758731,Network Issues
51.84633858532304,51.255764534715425,52.439531979085004,43.97179344216038,Network Issues
52.598827942484235,48.2692817571613,47.76797745365195,54.322629506341556,CPU Overload
57.8182287177731,50.155790475814676,64.89863438602082,54.700441873682024,Memory Leak
37.63049289121918,39.037249131047986,33.99096021523484,42.92374105177974,CPU Overload
36.795433869157236,35.59949117405706,41.71502975219754,42.87826135823956,Memory Leak
55.21941565616898,65.94505063224972,48.96745239850953,48.89334631442671,CPU Overload
52.96984673233186,41.53038651681672,33.568111888458326,41.033577726847916,CPU Overload
52.504928503458764,40.08607650543693,48.241455955679285,58.41983695452127,CPU Overload
53.46448209496975,28.466098863962852,66.61470165728018,46.30792799552554,CPU Overload
43.19975278421509,43.610382523104974,50.20886488295962,20.930117806783585,Memory Leak
52.322536971610035,36.76910206592502,52.30700905718683,46.25177943378194,Memory Leak
52.93072473298681,66.4201516013637,37.3983523482742,39.61456179156028,Network Issues
42.85648581973632,60.09817089342634,43.83638591960523,33.687241845390545,CPU Overload
68.65774511144757,43.118496548222765,46.24803619676063,37.62573361777427,Memory Leak
54.73832920911788,72.52435805344308,46.82284903243766,51.094084718329704,Memory Leak
38.08696502797351,59.81765486991594,62.81643795003769,63.28640828248231,Memory Leak
56.5655360863383,46.75168616491378,55.57691060725124,53.131844738649804,CPU Overload
40.253183297726785,25.00594285126427,38.88542043062968,43.934966117842606,Network Issues
57.87084603742452,72.90942572590743,52.46504778432005,54.55904195170703,Memory Leak
61.58595579007404,36.10427533236404,54.98221748496785,45.40909689781008,CPU Overload
41.7931768164829,33.546012530431085,61.40149038521267,43.05399630836855,Memory Leak
59.63376129244322,60.225704320096405,65.80540686568374,38.456373317670156,Memory Leak
54.12780926936498,74.39752406339272,39.84905808172131,32.48171193248281,Network Issues
58.2206015999449,63.84272818510518,41.89142488789662,46.100762934405545,Memory Leak
68.96792982653947,55.639091200523595,37.42422141085384,51.58053489920132,Memory Leak
47.54611883997129,55.94754341665286,47.659801408930186,49.0337632998511,CPU Overload
42.4626383564251,58.53415558780308,54.663583744463345,45.84033072052641,CPU Overload
41.10485570374477,57.589285897867654,59.87334516589102,40.542539393032186,Network Issues
41.841897150345616,52.811914239693756,49.24048976357477,56.08246191684969,CPU Overload
49.228982905858956,51.04201103951876,46.80152476745156,36.82868080053415,CPU Overload
53.41151974816644,49.374068721004775,51.51757992248741,57.760279138434754,Network Issues
52.766907993300194,42.46035411133324,41.64857098369977,39.97782981073275,Memory Leak
58.27183249036024,47.19324923133226,70.89538721694774,42.47564762646965,Network Issues
50.13001891877907,33.07043185804615,33.923389728819416,35.33214809384323,CPU Overload
64.53534077157317,49.0166037320525,51.847405788957246,44.98597853114363,Network Issues
47.35343166762044,40.11408892849083,70.2360621922964,59.75312458477979,Memory Leak
77.20169166589619,38.964106827842286,50.067998445599976,55.15628088443957,Network Issues
56.25667347765006,51.798941511534785,48.099609649985055,59.78422112028035,CPU Overload
41.42842443583717,63.92002286344599,46.42554577189573,55.22142545933936,CPU Overload
39.29107501938888,59.183166060023126,48.19608318237592,38.96330171469631,Network Issues
54.824724152431855,34.29499396376823,63.728484746765304,46.692107756724425,Memory Leak
47.76537214674149,40.10371863429663,27.88138088670493,42.19800870882537,Network Issues
57.14000494092092,59.40771187988216,65.33433701296326,63.3057490403904,Memory Leak
54.73237624573545,40.175126064616904,35.76042847549855,38.03211353573688,Memory Leak
49.271710873431275,47.753668500029754,47.333476707655855,58.93697689389111,Network Issues
41.532062819315954,55.50052099024552,45.707555797013384,58.929538701087694,Memory Leak
34.851527753141355,40.31655545136365,55.8855326977072,68.29620201716088,CPU Overload
45.53485047932979,51.0537550614596,34.01875648116253,45.903134073705026,Network Issues
58.56398794323472,36.65974505081795,54.62172666081943,57.123221595801624,Memory Leak
52.14093744130204,43.98632356048786,70.24309623286852,72.81651836538842,CPU Overload
37.542612212880115,53.19781934142537,36.368259954071895,43.82358323066303,Network Issues
51.73180925851182,34.070062664683306,51.89706167610396,34.6495975246764,CPU Overload
53.85317379728837,54.40474737960399,43.38017822203391,31.199899660922362,CPU Overload
41.16142563798867,49.803622010733186,54.25887206193036,57.12712028861331,CPU Overload
51.53725105945528,55.524899544171475,50.19147777415752,31.16849791941416,Memory Leak
50.58208718446,52.23914134064661,43.5851309095569,46.27680947062077,Network Issues
38.57029702169377,63.64140429973844,54.87872284871074,54.37313187038961,Network Issues
53.577873603482836,51.25224502647907,68.04348109786743,51.85175536829914,Memory Leak
55.60784526368234,45.70594458874747,48.09096208272701,54.25444864184172,Network Issues
60.830512431752766,51.222975030322836,57.19757942148182,52.22289855800854,CPU Overload
60.53802052034903,55.43298029036388,37.06727042128836,62.788658133133936,Network Issues
36.22330632042909,50.48860070325704,40.43563623181991,40.476836192612026,Memory Leak
40.62174960084877,50.405916912038826,54.72406277880377,43.23004861541469,CPU Overload
55.1503526720866,42.980083121932445,64.84116028535965,42.27340554729176,Memory Leak
55.13785950912209,43.37099082449052,53.5561334878566,58.301918118626105,CPU Overload
55.150476863060476,35.97394728200307,46.86941969476845,59.003985883950634,CPU Overload
88.52731490654722,67.4957674318694,49.99291405423354,54.51225319318508,Network Issues
55.70890510693167,37.56136764608715,37.495922660302824,61.834936668899275,CPU Overload
61.35565640180599,43.07094802204092,56.045153263553665,38.21959132623619,Memory Leak
59.54001763493203,42.81592734430802,58.82333062323409,66.67224111551137,Network Issues
56.51391251305798,58.949243769444415,45.4790966716692,65.23238621712258,Memory Leak
46.84730755359654,47.05050321707972,45.299578522404985,57.35621997245747,CPU Overload
57.589692204932675,62.477420726737336,52.658782296520485,67.8179890877106,Memory Leak
42.27174785462428,43.26509375756132,45.63280263959405,33.43376792322226,Memory Leak
47.63181393259991,52.78994162223802,49.338673853741774,44.755518637373484,CPU Overload
45.14636452170897,41.64652946740243,70.99721789166516,42.64696539318048,Network Issues
50.81874139386323,71.45149127773388,47.52974299254004,57.21479323757343,Memory Leak
73.14658566673509,38.12401580970487,46.41659847978778,39.498592603978544,CPU Overload
31.32734807408252,53.09820710227027,43.52458194364841,57.574951493374854,Network Issues
56.86260190374514,56.337768809320984,57.441919714999365,63.705361439967135,Network Issues
33.87284128810349,54.137990974514985,48.18775826781897,56.95202900083999,Network Issues
45.280681342105666,48.147123411222914,43.506269616785744,52.83751023661501,Memory Leak
60.889505969673664,48.70179300266574,63.21304032273012,40.121266590992505,Memory Leak
50.64280019095463,50.438114719791095,64.19603004513637,41.53149033874635,Memory Leak
39.22255222070694,48.529979983715116,43.99576434261295,62.49618905296667,Network Issues
42.84696290740032,59.638791167949094,31.33460048639384,57.793490039053324,Memory Leak
56.79597748934676,72.10523001591352,60.07513689836922,49.60980480622456,CPU Overload
42.69633368282864,44.425082149921664,43.15370174239996,45.8209045423411,Memory Leak
52.16458589581975,36.301970204209226,57.90625599162769,29.74192126888623,Memory Leak
50.45571839903814,49.117179516487454,30.298961822881644,39.291475813155614,Network Issues
43.483996523941826,75.79709337654319,58.92597338299309,69.11419087139723,Memory Leak
71.43944089325325,41.963254320302696,37.88828070719219,37.195444289975335,CPU Overload
56.33919022318011,66.39116805444067,57.307641190665244,51.89479821221081,Network Issues
29.74857413342393,66.77700814076441,50.142730678364344,60.07443973195198,CPU Overload
51.86454314769428,44.46411758292005,40.460605806033556,37.450773319977074,Network Issues
43.38213535231612,55.689830791852756,45.929636870732196,51.84710474781083,Network Issues
58.52433334796224,66.28396623128538,56.86318456956701,59.37915537510655,Memory Leak
42.07479261567299,46.20872259012513,51.05894453115234,50.1249932190725,CPU Overload
48.85263558533101,47.964196398976384,55.844129804724844,78.68403055666768,Network Issues
55.049872789804574,44.18319086051356,69.76440584515485,33.31400741121804,Memory Leak
58.657551941701215,39.852432693071336,34.357583882889486,60.58728529883879,Network Issues
37.997035929442234,43.50722454933993,66.17212574968624,48.27198262603535,Network Issues
46.654987641590516,37.760597332377436,51.04355937523213,57.719201548366755,Network Issues
45.25054688839044,50.34083468259226,41.01215951676872,54.41307151699246,Network Issues
43.46670767426288,42.30026768941358,36.696863742610105,42.668438028900034,Network Issues
67.65454240281096,52.33785911790748,48.10879609222967,52.2899639245934,Network Issues
54.049817109609556,34.44104353796373,59.2165011192446,31.420985486017127,Memory Leak
37.391160456649544,53.30880232214457,48.724508796224654,56.032475005713934,Network Issues
59.17861947054776,58.33528961608925,65.11154930247348,52.98158465990526,CPU Overload
71.22156197012633,30.062643574285445,35.48824309948441,56.38660168643102,Memory Leak
60.32465260551147,53.74056569847572,49.87911052153945,60.581183250871504,CPU Overload
34.80630034045987,62.27668992473292,37.47606555586881,53.67619840209711,Network Issues
45.15765927133749,37.90358981308795,53.63631882624968,51.480894197982764,CPU Overload
62.669111491866225,66.72572386837703,58.868873900973,41.18931663338708,Network Issues
42.92330534381219,54.190190093660455,45.792382063189464,42.87779236350949,Network Issues
54.43819428146229,42.949881442415915,23.95786143372866,61.86734620177331,Memory Leak
57.74634053429337,49.44230922342294,51.98948146796494,64.36335405705978,Memory Leak
40.730695284219166,55.58326912521722,54.367385517335094,47.61889563687946,Network Issues
49.404746439382,50.760053914124114,54.042947549616976,50.460027472532744,Memory Leak
17.58732659930927,55.387559924463694,62.35782191822154,40.95385625006234,CPU Overload
39.756123586657104,40.79326406920634,39.28946320350951,61.72756845267445,Memory Leak
47.4743184860684,51.69360824036078,56.802161054504495,56.65416823691778,Memory Leak
37.52216818035151,35.8628550309502,61.92507512477975,69.4121743646375,CPU Overload
66.32411303931636,48.887739386513,32.21412415993483,41.21676922820261,Memory Leak
35.69858622039367,40.960923585352106,53.19651825918977,46.21992100981783,Network Issues
45.599555133030165,42.64470057410233,44.958201689923285,52.314459225255725,CPU Overload
51.30740577286091,62.36093175210438,49.18477326898354,56.464895377257704,Network Issues
64.41273289066116,60.91310120594269,53.476764835383364,47.84332362452368,CPU Overload
35.6413784882056,56.09138120907177,45.12771435886448,41.270389095462995,Network Issues
61.63163752154959,39.07687235327421,43.24291920838388,58.81407528923571,Network Issues
50.10233061019587,46.83591550305198,50.34152417488025,57.211353625455814,Memory Leak
40.18491348952049,62.130976999791834,39.12754061137197,40.83725899436275,Network Issues
54.62103474263271,51.417169136399046,39.141748711148146,63.55442801105496,Memory Leak
51.9905969557347,73.19329539981695,56.79373282956503,61.70198709196604,CPU Overload
43.99783122841205,53.93317839394372,38.51205964841344,51.34296497247793,Network Issues
50.69802084990019,51.92049116490031,56.66312500909212,50.79597862376036,Network Issues
46.1468640313824,46.908835357974986,54.62591292853951,55.540577711159074,CPU Overload
51.13517345251248,51.33540904782282,32.741932712094034,41.38296929743742,CPU Overload
56.62130674521047,48.47530163619456,43.22435347664345,50.30031479164082,Network Issues
65.86016816145352,57.0810867668859,61.94109403047372,28.4761645539082,CPU Overload
37.62184501173151,59.56702316794584,40.18834468860318,58.76455645502936,Memory Leak
71.33033374656267,42.140105394920504,45.355957376906126,34.385067775581405,CPU Overload
30.479122004774982,36.68767046442222,54.62060893251896,65.03419828428999,CPU Overload
48.482149049644164,31.637946268967035,57.83390509282596,46.698799060335496,Network Issues
55.883172064845766,55.079913269125434,47.48461113955504,47.88333018068823,Memory Leak
52.809918677350325,38.966333938261265,44.02489805308358,43.72266093915494,CPU Overload
43.77300480179406,28.47109407047517,64.22369861698508,47.11961126077924,Memory Leak
47.918777496427246,53.885786045309644,67.3889966379758,64.18531345148037,Memory Leak
45.06999065341167,74.9299951743279,59.788580507817954,25.121913434649205,Memory Leak
44.106352430557884,49.939290884601064,50.85318142565024,62.769653860881874,Network Issues
58.496020970210246,58.38490774451642,41.91734278359074,53.38023481101708,CPU Overload
53.57015485965047,50.81829358547565,41.695555934434346,37.929783521427844,Network Issues
43.070904047393455,49.01110346808857,55.22514105265758,39.24687606950762,CPU Overload
58.995998754332504,59.190764829877686,54.18398220888684,66.76393027208204,CPU Overload
53.072995208766095,47.097254558113484,64.01598592946429,40.54493120057269,Network Issues
58.1286211883896,52.673923140719026,56.50450092536139,38.46649489404041,Memory Leak
56.29628841923612,53.216978061960134,34.96919698240182,61.373145423647294,Memory Leak
41.710049890779274,43.31909546356951,60.51947617722919,53.385528762859146,CPU Overload
44.39818959803031,59.92042349536523,40.01939372685587,40.620744234636014,Network Issues
57.472936051232615,48.25040243304591,46.16028728047648,52.16624975404619,Memory Leak
56.10370265433465,42.442548405071555,52.502002062516944,39.742473163597225,Memory Leak
49.79098406035852,55.365098435704034,69.95667489783965,61.00821398422605,CPU Overload
51.17327383308782,41.015320182089624,81.09918556005361,60.61370964873134,CPU Overload
62.77664895788425,50.281811573691286,56.06723059136183,55.32006198821943,Network Issues
44.0842861116417,49.90881003355796,48.168033812796125,53.61661061247017,CPU Overload
55.470973811700375,60.85895565831578,55.345056484805504,67.61188124867374,Memory Leak
47.97807347566106,54.746982328799525,58.87655425873836,49.996863273882255,Memory Leak
47.8231879677278,49.74973041254856,46.793323744428086,38.181258745791986,Memory Leak
60.9877685198719,58.17766299200287,67.95211355912322,54.49473912832307,Memory Leak
58.2541634898803,63.90207549017313,52.30070759191402,70.86047049537115,Network Issues
58.135096360006386,55.578103063518626,54.97743089091394,39.85240506814148,Network Issues
63.05478807154329,50.103526198433805,56.659242520544616,46.38537233306014,CPU Overload
50.21003841632759,36.8816376764984,54.21586610614456,54.16446038101453,CPU Overload
56.81952971294964,39.348863369246274,58.38940500469612,49.46095150994261,CPU Overload
46.89733243406544,46.94775295645332,43.82746813453077,40.176964196226855,Network Issues
53.24166352488442,43.90487797840717,44.41698246053969,61.21857856230471,Memory Leak
48.698569456323156,48.13028697014554,38.99845767028305,73.2004072201726,CPU Overload
50.96995964992718,50.56649924897107,54.39501230620226,51.96131459023907,Memory Leak
55.95157025436914,55.29692754356731,57.78936503512114,40.95931710264,CPU Overload
41.81779316766527,49.29501221940909,54.57772866151886,34.51039474946525,CPU Overload
70.9238727568546,54.86501643826202,66.74492433347538,52.57975981221181,CPU Overload
39.93982618500298,50.6447441481012,49.94403981170954,61.038773433162575,CPU Overload
37.85811387212268,30.245334336461287,56.687416555925125,54.751677464953815,CPU Overload
61.581108735000676,40.606646061812455,39.08299123860686,49.97596159081146,Memory Leak
57.91662693962936,48.55912444278385,46.12900297525599,44.107283482106936,CPU Overload
56.24119817052155,37.90305257158892,56.95537757565778,39.0783636728191,Memory Leak
56.2834550926428,55.99928729996205,58.491021107431436,58.34751326324882,Network Issues
49.87753227153085,65.30750832343698,47.060330523358175,59.13771621385585,CPU Overload
41.02745628514168,62.18761851697317,49.28400748141933,34.54270213309267,Memory Leak
50.75804558193726,47.86557129069792,34.821262533191906,65.89838978180684,Network Issues
43.22838288487888,64.90726136849952,46.42970799193391,55.74071220894001,Network Issues
59.75119733417751,51.486674572021116,58.90383163519786,63.99594645145793,Network Issues
48.52942618497861,46.629140288819606,55.75205016106566,36.57872251514885,Memory Leak
41.745028032074885,43.8659733645906,55.0066572138121,36.34175844584561,CPU Overload
46.78614158347007,46.975303135118715,50.4977368718096,48.51030690232703,CPU Overload
54.12931454275624,46.118231814587716,50.07063158628176,55.02784426895194,Memory Leak
44.36275447196025,51.70416222375488,43.39678860526553,67.96360822926964,CPU Overload
41.77779604433569,51.60573981049865,56.98828420202535,57.060789138151314,Memory Leak
52.436872114919126,50.03046020153415,54.2097294438939,47.573187231879665,CPU Overload
52.44966571108723,54.369381697463496,54.920188479927994,39.73630792334108,Network Issues
44.9305682462887,61.906462747863415,44.739651573324196,62.300005727191504,CPU Overload
45.289616943816775,59.495541354413234,28.466570801287556,40.35294574249285,Memory Leak
52.32049937357636,35.151020315500965,60.97152711753696,66.28468554772321,Memory Leak
35.51915658502676,24.46078865098045,45.211625439915956,47.15615350393491,Network Issues
35.92536225623445,59.34319911239274,41.372242359568794,65.9058207261785,Memory Leak
42.81555778747564,36.33121301584579,56.934789119139936,56.78931290059278,CPU Overload
47.86552848288153,47.75234598107316,46.0798736008087,48.63004510557542,CPU Overload
53.10907565598005,38.298869739406406,60.59936384046622,44.806036281738734,Network Issues
64.75356216949552,31.9801956241998,56.17005949576698,46.5909212265392,Memory Leak
58.576596232020194,55.41462728204788,56.83569323200477,54.283166923752376,Network Issues
48.40061470036573,57.59155160302647,36.340442887994655,50.771564962177166,CPU Overload
49.80983792097311,44.2348959927328,62.11943985386401,44.06188591931295,Network Issues
39.97470635362191,24.089577078550903,52.61250531233856,48.34368589682368,Memory Leak
49.8148686400761,44.53755551747517,46.307228607537965,50.7857702971915,Network Issues
47.11341361079862,53.91804005402547,51.43388467342251,28.71265905585188,Memory Leak
53.227185603380896,35.21088431225871,32.2376476710168,54.58168114788699,Memory Leak
41.727690564476774,51.83359919779156,54.08652811480671,40.20278775283193,CPU Overload
55.193465142411725,49.846901508270044,39.706284918179286,38.46667596794255,CPU Overload
65.32738913002578,55.792914996010886,36.47329714156466,33.1265565288929,CPU Overload
48.91239851543143,51.19580368414153,34.77640813782109,32.0610750213211,Memory Leak
54.01711722098941,40.26931059118444,61.12688374989925,36.44552496887711,Network Issues
56.90143991711113,61.965715016644914,43.707366063072115,42.9097904236951,Memory Leak
45.987795281141636,48.4147042697303,65.337277099165,69.53259137526568,CPU Overload
52.24092481810417,49.72695460490068,44.64198536947702,44.74120324104796,CPU Overload
50.12592400781795,40.667320409268044,32.92642042407053,51.777501062680315,Network Issues
50.97676098548832,45.567177488084894,38.83475560051341,54.004813865063284,CPU Overload
42.26990216144534,41.15197285973099,62.35811620006939,51.31065186215849,CPU Overload
50.245101742589426,48.27053940076577,48.441018220633325,49.225565392740066,CPU Overload
54.979982912454496,67.11708480142343,44.51712703509399,38.04706236400755,Network Issues
64.51143607795042,36.28098857068643,51.60018225852788,64.50927548279212,Memory Leak
59.59270826085207,33.86438602123259,55.01782736167545,68.07196643637886,CPU Overload
71.53182457511556,64.71170327493608,61.17398815902461,33.17341305877314,Network Issues
42.326524371119504,47.90676322848134,64.48499229892926,39.7597140911362,CPU Overload
58.723206367206785,43.309272613400836,46.40231354210914,47.20189657622994,Network Issues
51.83342005738352,60.39904687396076,36.73952313917962,40.35462205089809,CPU Overload
71.89802933217672,43.94384460263136,45.86534838876724,55.05965553455865,Network Issues
41.91701714644849,68.26009713546937,52.60280506582886,42.71727797593387,CPU Overload
41.602781578192236,56.77925871339269,40.36241073789389,71.65056067806603,Memory Leak
44.00607354555978,45.120885918542974,40.428490851049574,61.90548594343596,CPU Overload
28.76104275690193,71.57308213265503,53.437878815498856,52.12574030632215,Network Issues
44.74244978319239,43.94285076996662,49.51347648429549,60.26986263319732,CPU Overload
42.40867338446302,57.42095372009307,50.327969954115865,61.059004243573085,Memory Leak
51.50393786476208,52.99292580406492,42.41504665299931,44.36052511941757,CPU Overload
53.41755975777159,63.01741289398798,47.69599285794233,41.83782755458035,Network Issues
68.76170839215887,65.61511196726853,40.757668557316954,50.78143062969647,Network Issues
59.5042383818605,50.320041490657665,58.90198411124787,58.616361244979444,Memory Leak
44.23096344337597,42.46582129653817,60.35249334723753,51.390603986534174,Network Issues
41.01585328651642,54.59972142939117,31.538121377619063,34.23003517809003,CPU Overload
54.919191715065054,43.22284630247894,40.7048913980759,41.97175556049157,CPU Overload
36.797667929793576,70.13387247526623,35.03470744909921,49.26027136405622,CPU Overload
68.31458765854353,51.36535331082737,43.49976065593102,49.2433439567417,Network Issues
61.79440120721287,46.34678448687891,49.16562030209639,69.72542176789808,CPU Overload
45.30824347895295,51.84680305864909,35.5035478030147,36.14012057601002,CPU Overload
32.868654709091224,36.52873710470303,40.78140186874687,55.055892418358745,CPU Overload
63.538723741654124,40.28385961489349,39.960426279185015,64.8911310832829,Memory Leak
48.85460154747382,62.00413907944426,52.07267329398944,72.71449745422797,Network Issues
62.378163119734616,43.43105721028604,50.6934433703625,45.95602576816039,Network Issues
34.05572341205633,39.5308901731806,42.78262446662747,54.914294527201996,Network Issues
44.00624977046227,55.36652752527286,51.76820872139398,55.69760357198647,Memory Leak
50.05243699718183,61.85704154662997,44.533199154127345,51.95481731553291,Network Issues
50.46980593764742,57.18953310665067,47.283448896739465,49.01154798760694,Memory Leak
45.49934528520756,59.960476858058165,66.73452090298537,54.35975389500046,Memory Leak
56.228499323474985,42.43204911430539,63.40461051790348,24.677539147803145,Network Issues
39.32379570617405,35.78189333258156,37.004187630724026,56.820694900626314,CPU Overload
48.576205149787064,65.01333651955487,58.29732417879175,51.26177903661967,CPU Overload
51.20295631711899,46.77320161157864,58.11396554491592,47.77525103221735,Network Issues
55.14438834058749,47.49166983544953,38.51736711247382,70.46862195719558,Network Issues
57.1161487808889,63.281941418490575,58.18777643754861,43.250659812094476,Memory Leak
38.75357908162131,55.5623000940066,65.37931918412554,45.96924010934969,Network Issues
34.65885829264378,54.55887772081608,38.77455193755586,69.91553302204734,Memory Leak
62.77676821898509,71.65002344901083,40.824971789857365,41.679386951501435,Network Issues
53.323140119795916,43.564817696198574,60.17661466843502,44.49884717063461,CPU Overload
42.51513463443446,59.278401280812375,52.71495310825648,48.5297457656915,CPU Overload
65.51151975522524,50.570131248970846,55.514762752395235,58.407344821295496,Network Issues
51.156746342928585,52.68592278863257,53.40589216400497,52.078025073533134,Memory Leak
61.792971840638266,65.28468426412532,53.90695920928144,37.07374652847737,CPU Overload
50.67518481410109,55.07835756289624,36.73527871688917,44.6783143687281,Memory Leak
70.60747924881987,55.38296079049633,60.47317706621448,43.92645566787789,Network Issues
67.55340842443204,60.72507337309802,61.69589992427774,49.22778954776955,Network Issues
47.51035851520926,46.350472704571146,47.70609255931972,54.25843658629829,CPU Overload
59.71570950954356,41.607903326609936,49.56523050186138,54.18205755887972,Network Issues
56.45375949585147,39.55190805978967,34.68892497444278,32.23988245951598,CPU Overload
63.68631557532349,30.33643410623998,55.14254756017835,60.639409875608564,Memory Leak
40.35076539419896,70.56207129940321,55.72057441714144,52.52568845996623,CPU Overload
56.86051459998439,38.96791634278317,49.37808983000689,63.84532047593906,CPU Overload
60.58424486849588,47.78746376414228,61.24353359870503,54.44198327290672,Memory Leak
32.41260513576886,47.23186700111079,46.659227690200595,61.01322957735762,CPU Overload
38.16741487334225,53.07406697809101,55.646059258936006,54.66545311450127,CPU Overload
29.607678222398995,58.15737212539297,39.80335661307885,63.46225756202748,Network Issues
47.305931655554424,58.60473488359745,49.76447849125762,55.22250636017779,Memory Leak
57.17542255795962,44.16922561431062,48.25645742097164,49.02084753557096,CPU Overload
65.02357052096028,48.32878286213589,52.25307922040942,72.72434720446881,Memory Leak
50.74094780419775,52.825799504882994,46.304730711666416,58.89037122279892,Memory Leak
66.28615545571292,47.51308873816453,48.68527404328332,55.73744421004413,CPU Overload
36.198985417851084,66.07345576019992,58.26047171441506,37.23695583461664,Network Issues
32.96617560644845,54.90974951638251,45.63235762761782,37.11692382536462,Memory Leak
49.44452301103381,57.348777860498174,33.93422899261321,52.92715482141853,CPU Overload
53.840654489393074,56.628812686674124,67.4958390420542,51.45521197768241,Memory Leak
49.67305251905907,61.73473857485325,63.814540786904864,43.858774349916835,Network Issues
29.325578999601234,51.81021558703707,37.07737304894381,51.4098269961206,Network Issues
49.10879960487212,37.03168052044153,56.897078052451945,65.88626928043595,Network Issues
36.95530499495147,53.996879517526416,44.97025229448657,56.954024745502984,CPU Overload
56.69672548830039,43.48643106208171,52.634872153310596,38.589914902472614,CPU Overload
53.66598246096848,44.713833182502434,52.94224129013494,48.884911728570565,Network Issues
40.60120213672645,55.863640187550935,47.65592199683678,41.950335191474394,CPU Overload
44.861330826633065,62.38283071433636,42.16234334413603,46.12300083591439,Network Issues
39.40786478111048,50.21271576736061,43.094589476837406,45.86384334370357,CPU Overload
49.37320902726828,53.088330125989636,40.83808084518758,45.22354417395995,Network Issues
59.551423205012384,67.02214944635239,41.681777917695555,37.44864628026605,Memory Leak
40.14273953664456,52.407531794885685,49.328217099506446,48.7234531848181,Network Issues
55.040465155178445,76.01683114180395,42.842400108892484,44.3939236315269,Network Issues
44.69742381627559,55.65509645631544,56.820520657126195,20.70551309997732,CPU Overload
42.07127167737656,32.39237240844182,64.87246155335927,70.52972024501663,CPU Overload
48.929696400454425,57.53341621104533,44.19946758629957,60.88769654216672,CPU Overload
39.64757677580626,53.81158384882778,52.39404500535377,46.23699275075004,CPU Overload
44.46350694652818,62.897527540827454,54.996851103029336,50.188190497405984,CPU Overload
38.021221074111516,56.73181351269958,54.72002270919275,38.28345652682438,CPU Overload
69.6472513291639,48.615440160162265,50.759552679160876,66.95722877810866,Memory Leak
50.35263551971729,37.757017637106344,57.426824183597226,68.97288694773111,Network Issues
43.00274492007414,47.90976742713975,54.82248952680657,51.56693728246525,Network Issues
52.13979910734222,41.494795457907,37.62337577672702,60.235306441853446,Network Issues
48.8767195030917,44.19476550195277,58.69156064389273,51.75286778933924,Memory Leak
47.79030400466777,55.8857840442061,58.872908372667425,36.63274561124069,Network Issues
56.14166700043425,66.69904504351406,42.367138958214184,45.881766310363425,Memory Leak
57.57507710047305,53.94671529822981,50.37937835447602,51.31927966771957,Memory Leak
44.69498852389472,38.04116937964815,56.833289928110695,45.45452281256556,Memory Leak
44.2418175935532,54.446026682201406,47.906861804206386,47.81346722564964,Network Issues
47.24948302848356,61.966314866456514,60.729780477660114,49.08600442490886,Memory Leak
26.98078835264415,43.90217095680618,73.6387249461936,49.191215021345386,Network Issues
34.84808937801448,48.65982833327082,42.140139673650175,50.522584904974835,Network Issues
63.66874267444525,50.14688194729197,36.18955396846225,39.39394933603399,CPU Overload
66.44967713501283,42.151016869177596,53.03818595604876,42.82983850872064,CPU Overload
47.50963960443622,56.48280433843859,57.21562505126143,37.15415734300031,Memory Leak
55.765569630557664,48.79051851392219,47.69133626155231,59.778155496862006,Memory Leak
53.112501545435364,54.195324439070276,64.53260663321035,28.943530581596754,Network Issues
80.78880808455239,41.125078221978995,36.613942002767516,61.53590343316925,Memory Leak
61.195749114345766,45.62541699676589,56.92918623031611,63.86349397262843,Memory Leak
48.72082408519233,57.22381357827771,43.94139179241107,46.97819413017378,Network Issues
40.44459559399574,46.27166847908233,67.19377906207296,23.968629121727012,Memory Leak
33.93553679742428,67.26963851233405,69.92515353168119,46.38689438032709,Memory Leak
52.03463635867223,46.003638143853976,42.33343412216652,49.35815838711181,Network Issues
42.436492547156966,52.24684725751886,44.5044286409142,39.89401780071087,Network Issues
35.77746290402326,59.325908318730896,58.59587886979802,44.84781606191757,CPU Overload
43.534271157574736,35.816342670669684,46.12869350210485,65.30195198863352,Network Issues
39.18451996385605,32.39191188019224,49.54588782067762,56.64927162301741,CPU Overload
66.87141635072564,34.74343685429905,50.2538842054241,40.754358856219,Memory Leak
58.816397569494505,62.62584103427182,30.803268438023437,34.02400830404568,Network Issues
49.92027358683383,44.481418541075534,49.86162253905763,46.729826823902286,Network Issues
64.79944138890026,75.58199285668252,43.10272225935826,47.86543220649562,Network Issues
50.77368307647618,44.357524013426115,45.06877177600228,54.96199187363317,Memory Leak
41.38715798671736,51.84551303197037,64.43632003468814,44.64683287432341,CPU Overload
65.23124077269657,65.42109952567876,37.434931057207436,55.114995753618615,Memory Leak
55.38910043684659,70.06092888159122,58.132051867479774,69.35154040060229,Memory Leak
39.62753845673544,70.61503576636397,47.21037069668191,58.15501022444263,Network Issues
48.09661321916392,62.083662305931426,47.202398315041656,49.519114926692275,CPU Overload
41.24381746615243,60.240625258114626,57.90371896051711,48.16849528946705,Memory Leak
36.172002690356635,55.92526949201183,53.4005129456889,46.433268658201285,Network Issues
59.26177547531641,57.78361076166638,55.70612997219531,61.806409124521444,Memory Leak
69.0941664047013,44.488142836714665,59.68184660532861,43.72686554048697,Memory Leak
36.01432426180859,41.81801116577693,46.686916168166775,50.45222708999982,Network Issues
55.62969236690571,49.96625542589048,43.87763265492249,50.511979018810855,Network Issues
43.49357430878173,48.298153774750716,39.148494734422016,44.98215807188468,CPU Overload
45.12874616235304,45.46771950672725,41.74589470021045,36.27534452115899,Memory Leak
44.07606075761131,56.963874474567156,79.49094425308725,53.22974503617668,Network Issues
41.36009230320184,59.553052085705104,62.44679580736786,49.389960281446164,Network Issues
50.48521627944827,50.884068862918475,36.489256337919784,55.0024046943657,CPU Overload
41.69049883588962,64.77530081055262,36.7754204325643,44.66399693560833,CPU Overload
52.704568257798385,38.58310885866495,54.81866061718492,62.20821298813048,Network Issues
49.49761890550863,48.06340540720282,55.47264797377967,41.23226218788155,CPU Overload
47.6105195313359,42.831776793971954,55.48883835317365,67.12040284017893,Network Issues
40.92436337958402,31.3346338292694,47.45044206446302,32.52363490171739,Memory Leak
44.23228669431667,49.17319314157301,48.745457399970995,54.347700645568914,CPU Overload
57.55391225825756,48.78252491616716,53.27879524159357,54.754306825266234,Memory Leak
55.009171876243805,65.13449743242131,50.858930062933304,42.04442932059118,Memory Leak
40.22444755201449,56.30811684554777,27.80699627252465,54.24393937861012,Memory Leak
50.99332305429226,39.758131756707954,47.70200369424806,62.795186697601586,Network Issues
57.51387123371789,68.54092566334188,41.485935657396865,27.831811606459354,Memory Leak
33.305947188786284,62.21033695525353,51.75211418908512,55.02744807490814,Memory Leak
55.43360192379935,55.82097703468616,79.85259002603411,25.067291796699223,Memory Leak
43.37376241054153,47.73515901150168,53.67481665474304,40.34335196476792,Network Issues
55.70598668593159,40.405607632765204,46.86470313827602,66.29166364900945,Memory Leak
42.367408434574834,46.27793223928947,59.21801501977252,44.18217966607946,Memory Leak
31.95117899335481,60.88748619704186,54.826878872092124,38.261200355910276,CPU Overload
33.72457562116837,68.84586305934609,54.200944904518416,48.020622710153184,Network Issues
50.48084946661382,65.43243528272188,56.06850593215671,70.67906338163553,Memory Leak
52.59722501721482,45.11150578213726,70.56543564829542,31.68317752793974,CPU Overload
40.956833748955916,38.80382566710989,38.69111564674084,39.48690088360655,Network Issues
56.38592458777374,51.40886246911204,54.736320768114545,64.97431683179626,Network Issues
33.3847993773104,32.31560634437149,40.73618870018461,68.57702343537733,Network Issues
49.33920201352684,53.23167714184781,55.55512646342248,48.96568775709716,Network Issues
37.889838002375434,48.52397413701331,40.81313488513906,37.60947297473358,Network Issues
43.48163892197841,45.33963498131758,45.82633186394916,70.95843501809159,Network Issues
50.47398671316414,34.05296932733204,47.049100857620935,65.94442391749197,Memory Leak
41.39586634716048,55.136001065697165,59.75816719344709,56.78946987762233,Memory Leak
46.154444557701744,44.672991603380886,59.18454443942414,41.8759765106258,Memory Leak
60.0629280921444,38.30083164289712,37.542826235536154,49.50970659161963,Memory Leak
44.23108130476851,21.277377867183507,50.54934110999849,48.396399189551694,CPU Overload
58.35692112065142,49.724850949493636,42.904201452508275,53.30851304615578,Memory Leak
38.702931453423815,67.72251596669744,37.414950893246655,64.51001438131337,Network Issues
55.298041779152825,66.6125921454787,47.82982949575629,58.79417041137403,Memory Leak
64.41568620657901,45.429037434137285,46.915172115441806,39.226239230152416,Memory Leak
25.283554998727105,43.97787939638219,74.26716486345522,63.764964500195376,Network Issues
42.03104744529523,54.68774256075024,54.32959825360696,53.131321400131554,Memory Leak
55.7707212718054,40.016145608117085,36.22382499245763,56.87065795858916,Memory Leak
47.96954613957007,53.01791899819466,44.352259958290574,64.66540859278604,Memory Leak
53.71145873371309,57.660802783846904,60.213832954293984,38.88419750486449,CPU Overload
43.960148132841795,62.26933223884308,70.88442772869925,49.64174421293537,Memory Leak
50.865897874729,48.99845923520047,34.140166877620416,44.68545448640785,Network Issues
48.44322764607921,47.96326249823034,31.20075614860955,34.32140574634544,Network Issues
61.67782061659807,41.22017413243439,68.70965175371782,53.467099776049196,Memory Leak
52.54420843301213,41.7311964596014,53.89614177370904,75.11556551584424,Memory Leak
53.37602662075202,47.73521108098473,41.31707268123634,31.59922255494247,Memory Leak
45.881230338775325,53.67365506816178,55.346290861224354,49.6771938895053,Network Issues
45.123937759275066,59.13584626233249,23.64252260983122,56.40542935074774,Network Issues
45.67441812180379,41.96821049319655,50.03375506597161,51.23078201656181,CPU Overload
53.944521423782966,64.92688568959522,53.278211728430854,48.86871947484259,CPU Overload
45.79015519179737,47.28876398957431,59.2427013953783,37.007836365541756,CPU Overload
52.89774856896413,49.78632705651564,39.861040477074624,52.327867429401635,Network Issues
70.75400798645438,42.527883208521764,50.856871614033594,42.43236022984074,CPU Overload
58.711247034316926,25.757597397270583,40.74575373940412,28.100782950214466,Memory Leak
46.73976467832159,58.8404539636105,52.55383755674317,61.94592220513731,Memory Leak
62.012139221639444,57.36843897092433,41.04653677636976,59.58385819842042,Network Issues
45.91924626978449,47.18672442881787,45.918991608397796,50.5166097685108,CPU Overload
29.61875464822146,50.66990717224872,40.04184605209771,52.29074688205703,Memory Leak
39.91913689082596,55.15939217704099,56.51136241823657,60.74318012715561,Network Issues
31.292080789741444,34.374541431134574,58.58451116656666,52.24339656778083,CPU Overload
46.48486515958692,44.70947322653705,47.653794300425865,59.040175547613146,Memory Leak
50.184183791895514,57.94264679621827,50.382379949600285,47.0251779912615,CPU Overload
66.76437312275283,37.45710576830751,35.51408585366456,63.119837385739466,Network Issues
53.269273737641626,52.935579321666296,47.00323351993213,53.207857259326836,CPU Overload
47.80899471191136,36.43418195376595,49.49795382958255,51.94051943605874,Network Issues
58.294055811834895,54.66429982433527,76.20793091029975,37.29938911287968,CPU Overload
27.88864690992115,49.643585177025166,38.88032974225837,52.869558543017085,Memory Leak
52.356145581085656,33.848681840944906,64.64177238752437,41.68045082505549,Network Issues
57.708651938869664,61.64739354457171,59.96858773465808,43.617172734715055,Network Issues
35.214137542201584,42.65408423201951,52.806364044901365,41.846243716838785,Network Issues
61.43754043206929,41.89747562985619,67.58620484195134,39.33765068100775,CPU Overload
53.38496407494414,52.00569197230943,53.72105472606863,71.24771403016962,CPU Overload
45.847120860991986,61.48637349428715,53.891591956679285,63.31339061988403,Memory Leak
56.32781866106285,39.841781810216034,49.46879346982455,69.20367502144262,Network Issues
72.70692857804396,50.61679849847972,62.235688824186276,37.77104980444436,Network Issues
51.81866255058495,54.28816500330573,60.96469233810883,50.712537499108926,CPU Overload
52.48220586300336,56.93105607263144,43.743227125037876,37.06492374795904,CPU Overload
45.40639100459756,51.76441555277225,36.80752805401232,43.04305122802936,Memory Leak
41.50155630535208,46.329721609166775,47.97019362604343,40.81873016583425,Memory Leak
58.303358165442454,41.724097793512804,41.999614356023535,62.395840064415616,CPU Overload
41.43916174091133,50.86143883046375,49.36475425384645,46.0377032189824,Network Issues
50.715662372193925,39.27860988014393,62.37438134684139,60.68379333694016,Memory Leak
45.223425532348834,20.78649516505393,45.4269834491321,56.04120889588518,CPU Overload
54.78979825746392,54.365598041576675,49.571766186884254,73.03638752104789,CPU Overload
53.33662105286948,59.039348410861955,50.58022734808395,35.20555776860276,Network Issues
60.375399442578995,26.370675644581617,58.484308822052846,62.59233239786799,CPU Overload
44.89983601145253,39.90269295290062,27.53110666015395,61.464408704007276,CPU Overload
47.30125064706629,56.191542610051975,43.932997052347034,40.26621161972965,Memory Leak
40.21236284217693,70.574954697117,52.11283692279473,60.0713333647316,CPU Overload
45.55706739923888,50.20793707675408,62.000789564268615,53.361449630262285,CPU Overload
53.77300493044852,42.71997058770866,45.08097552493795,47.72523740046592,Memory Leak
57.56988616645352,48.1710355889516,31.23447293958126,41.760645130280004,Network Issues
40.77834675822375,63.74876419148185,56.197114459661364,42.80890548550814,Network Issues
58.6960592010566,43.54035820875465,43.646376111743706,70.49812095785926,Memory Leak
63.55637858804951,42.00807993349746,38.103333409096386,50.006828189574826,Memory Leak
54.13434903223701,45.17256477817968,43.75654610286776,57.82130001531459,Network Issues
68.76795812558066,40.466713917412875,48.1547464234415,42.09100618332447,Network Issues
42.26210800896427,51.22670315994795,43.952553354617876,42.201470537783614,Network Issues
37.55345296688583,66.2467845846956,27.944339429009307,60.81984809249942,Network Issues
32.212797510957216,53.23079273116029,58.970661968871326,36.50423788448468,Network Issues
64.96044311489183,47.47646497873713,62.748750412787224,45.847862320947286,Memory Leak
56.54365656354058,47.08188731084456,56.51521991339506,50.34027411072232,CPU Overload
49.44415329089545,34.36809191303343,38.62314329575183,51.11372601840053,Network Issues
52.799686263198204,58.83109777147159,47.98508466052482,48.20906714983844,Network Issues
38.74510952701623,49.22162802987198,49.93478684770542,53.958197810959234,CPU Overload
74.45751979616827,48.19520086409374,55.987943895619104,56.92855755817811,CPU Overload
51.292211819752275,81.93107567844861,56.68340488718081,57.3463754545933,CPU Overload
51.09394794604893,52.98752908365686,42.65826201221504,40.14196191332174,CPU Overload
57.25766623898692,42.48208949904816,50.819955564135604,47.15844902071203,CPU Overload
54.810092317367136,45.736424037944566,54.57280404615241,61.94762861876938,CPU Overload
52.23884024279131,61.48445709196755,64.55822322146767,58.94647187573872,Memory Leak
42.09525544554688,51.13270410537764,57.04506539824723,36.27140548518936,CPU Overload
54.714683571359956,35.61722021682633,57.89056687375519,53.514799003522015,CPU Overload
68.82024496475034,59.19228934575204,50.838266279293606,30.217747506251897,Memory Leak
63.454200461549775,43.31855914461006,64.10459145203504,50.469349020603694,CPU Overload
65.93186626639397,68.73297776217545,54.09762795959497,68.97767016745976,Network Issues
44.88784323568815,60.80048065714649,41.389120898264295,40.521072827310135,Network Issues
40.10395179741419,45.52678104341249,64.0336997012519,41.65676954508418,CPU Overload
48.74213079900352,62.81016361735113,56.979032725390276,57.640297815728594,Memory Leak
50.557249122886944,50.678555105274036,45.569559788715175,34.571984847903536,Network Issues
60.94191518470949,58.52773675122219,45.205070326007565,43.67244970114961,Memory Leak
33.07535370285181,54.84732817294475,52.96575545140762,55.96441137581753,Network Issues
65.29550319460614,41.536433450091266,54.63184795267585,43.65714152310597,CPU Overload
48.419921014210104,43.56450167682538,51.972922656312065,47.640300127890285,Memory Leak
45.7311893005258,60.29960817581161,53.11308673442885,57.44185710315035,Memory Leak
39.87895624739832,46.65224667893459,66.9995737457638,54.21546083536561,Memory Leak
33.451433281342304,45.96351536758003,60.71543152234886,52.66818396295402,Network Issues
58.231705839619146,40.44877420650647,51.90635591265024,46.60877720729961,Network Issues
50.73317967188404,54.235990655934614,59.41310580767483,53.700611152689554,Network Issues
37.10039100258946,70.62524919243145,39.674760964724605,48.762673199002435,CPU Overload
37.04921227936384,39.32467085745727,53.979270499468086,54.57805609925785,Network Issues
46.64215300709872,50.24219456672758,68.0930634973311,45.03067974882022,CPU Overload
66.69021525289392,64.12220555415429,47.81954104607626,48.17431025620459,Memory Leak
47.40408648636395,49.203586087542845,41.52366071380915,40.10042207447986,Memory Leak
34.96857046881894,54.52371796249734,43.4791111140694,49.64992389993764,CPU Overload
47.54256935914056,39.376064718531204,39.10366962657612,41.88999136371155,Network Issues
47.27276430252329,54.28307097207649,42.15238091872297,38.85953549838007,CPU Overload
23.031133570584284,48.12855734995451,46.29491901409971,52.586611478553884,Memory Leak
49.45705133482188,59.85729995679863,35.94432980821358,52.127397758576606,Memory Leak
47.69065469791322,61.87386051564751,50.15618333949603,57.82873734948573,CPU Overload
56.96206364813418,75.89563642018614,59.02277173786647,45.68874430424901,Network Issues
68.48956094945345,55.796331732135755,40.9224381985308,54.08052846836756,Network Issues
61.26565029547757,53.257963165821664,65.19283923641768,55.50797572273663,CPU Overload
47.31111309445169,51.94384301577336,55.107920885275945,54.44773807831595,CPU Overload
38.934740912583294,46.46833707189312,60.305805856240575,41.743463171978576,Network Issues
75.7335980324986,53.38483843461691,43.42165446147863,51.49363482271189,Memory Leak
50.59218434014488,47.04598589860971,58.545252270666154,53.641402960546614,CPU Overload
50.13929291912946,51.68460976269614,39.08066099604687,50.07178466907942,Network Issues
49.758749128899964,63.1759753560796,58.90247500836509,29.135223416289154,Network Issues
51.98084760767855,39.934574347203586,51.718393397935316,51.6048962397348,Memory Leak
48.556395880760576,61.39878561129045,55.53251219984784,72.12531039397243,Memory Leak
44.26337993119763,63.17115067339866,38.24405394375148,46.39960731243017,Memory Leak
44.53141058759608,48.81931473008921,41.049301577233955,42.719229021446786,Memory Leak
49.672467297840015,28.781451009914054,55.972282182533846,53.73348559711398,Memory Leak
44.56575228866235,43.921780129055676,40.51651995775799,53.123782104665715,CPU Overload
42.871542173228356,62.96994546561109,54.63206292099123,61.92735165416414,Network Issues
51.064302276918966,49.77131937701118,36.32862193539754,37.42131844091112,CPU Overload
47.450227825791444,40.00697767705089,58.48174212666668,57.31380252574992,CPU Overload
65.0399298858269,44.95225078771782,37.67476685231491,55.904220612514635,CPU Overload
23.490301916069882,58.40620026504553,55.522999376795234,48.57853463059454,CPU Overload
60.91506851922462,55.4673356820138,56.256309336460006,53.3868731792169,CPU Overload
62.46085192497629,47.61067900830306,43.03228181570425,60.29457481598357,Memory Leak
29.266097675918505,46.33175588185313,55.82026567084727,58.72315380028451,Memory Leak
46.573124059196516,46.08241850956178,52.60442263333556,38.569806879262714,Network Issues
46.28559134004209,40.77589815501497,44.61158143807262,58.20158186755484,CPU Overload
35.924883052821784,66.15375689469442,39.91445315923792,49.353113949674814,Network Issues
42.22183312409125,46.7767953078866,30.37374308327421,50.72874098015515,Memory Leak
38.894241545341714,62.17158520825497,53.496500472996935,50.73196991001694,Memory Leak
67.52270443423623,65.21316051922452,34.35197228637945,48.4975701120174,Memory Leak
59.35678393147461,59.9831089814796,50.95344199441308,61.91707497107065,CPU Overload
62.71555094994159,45.683796872819514,47.36551783917751,49.16282040150788,CPU Overload
57.21672064043235,54.037300903366095,56.79142775438196,38.80453871616831,Memory Leak
38.70948228782771,49.758043936090836,46.97954500510136,46.06470144030271,Network Issues
44.75479733720226,40.96298139269872,46.70552213652908,51.78694716810475,Network Issues
54.89374561227918,53.24359281721603,57.318707042882956,62.29214784297051,Memory Leak
37.778721911080545,38.20960208840198,53.35058029084117,56.03094684948834,Network Issues
57.12998430172388,61.87679388461564,53.16155957182778,41.49464721252956,Memory Leak
47.59674601841865,45.35382702701607,54.69267589808526,74.85189916678891,Network Issues
46.251791924504026,52.01159655872839,34.64427876792894,52.6477531097798,Memory Leak
57.10959968203491,52.83287871546142,57.56788679986982,62.753907379990146,Network Issues
54.4426331148604,47.410950262959226,56.12468794013602,48.482855664227706,CPU Overload
46.3903383418092,55.86693801475275,39.83316871423503,55.33359244705449,Memory Leak
61.59329803364248,45.25096343377476,47.55919526325799,58.39468504518405,Memory Leak
39.189366724001026,58.71297297457244,49.606927123723686,62.18194711754256,Network Issues
56.15935606944264,36.54020319753251,48.655032155982674,60.57368305378225,Memory Leak
55.93101257968384,51.26379579546412,53.338599665685344,58.721970000729776,Memory Leak
46.904535606860094,69.38928999058285,64.31366781831184,46.849132688058916,Memory Leak
53.26133022242118,39.99668675394425,60.81766727672829,44.28253958043938,CPU Overload
37.488864236146966,43.222550294751485,36.87780806568594,53.326075103241976,CPU Overload
59.24027019206901,55.13907849658915,56.220699903060485,59.33128072341069,Network Issues
48.15097863557011,51.79581781939598,63.2893331953541,47.77279299223393,CPU Overload
44.772769794809605,53.50630099273559,53.868085206892026,60.651719657143865,Network Issues
60.49009225836889,54.891871301476634,60.90980425185967,64.52616745486179,CPU Overload
42.95656309457241,56.3472146856177,70.12270445700764,40.83679080926581,Network Issues
35.91538703636441,61.09699841956223,60.23709546106981,41.630792962037205,CPU Overload
34.433708264760966,54.098186569285126,52.49308595641729,48.59624941094663,CPU Overload
56.06009951345639,47.58742345381457,60.450884740847535,53.076126681891964,Network Issues
37.19570647503717,56.72573701202731,51.44887833096891,44.75432986232949,Memory Leak
67.54794181984364,68.99881934895215,50.23903043284955,63.52202678867144,Memory Leak
29.18070592116278,48.67366253617426,46.485857642862676,54.24066861518451,CPU Overload
66.96456368290038,40.254706953293585,65.63413358832108,50.39447048240739,Network Issues
52.11017467202618,61.07080669286972,41.81571334057999,35.64090476131472,Memory Leak
49.032868881296075,48.796188360464015,65.32367724678116,36.84184183572493,Network Issues
44.550809131910505,28.273304539859637,54.99864123740372,52.810092502818065,Memory Leak
53.991361143520706,58.47421677150422,36.006938251980586,28.674043738451637,Network Issues
49.62365297575152,44.64671814046077,53.67649292991422,60.12637409644071,CPU Overload
61.03301882016521,49.094667176958396,28.99973492348376,48.418461556276796,Network Issues
51.142276486620396,53.319803305690144,56.25508016831036,82.43092969594733,Memory Leak
51.50301761461878,51.904996797790666,58.852314829889906,73.07916250616111,CPU Overload
46.36387787786144,57.0945181713904,44.07644044347946,48.18550930752483,Network Issues
49.43054376278933,45.645136294301565,51.235476959555825,48.93662997468685,Memory Leak
53.07801768892059,55.131057981760826,69.54157433750287,59.9558151400203,CPU Overload
32.89831607343375,47.40453322416083,44.942532957380635,67.03172609918037,Network Issues
36.518145778942866,57.38810480887503,39.410924129433994,33.61970942563983,Memory Leak
57.43264094022715,56.153674840130535,64.81663402462598,32.13624534645314,Network Issues
51.708654381279416,40.645612979554045,69.62587190530795,43.779651944456184,Network Issues
48.16016663647321,60.85982116175032,50.03695671847847,55.82737583173864,CPU Overload
50.184339330653934,44.64036554885952,60.11463035408356,54.968735905075974,CPU Overload
53.47581705361671,58.08057798281145,63.414759155308815,60.6977145498385,Memory Leak
44.60240319690639,53.67287313401341,42.57515767461616,38.003024716346914,CPU Overload
42.216952745976876,68.38183676795123,45.14694164632132,26.838561370311233,Memory Leak
51.958452550976816,47.76534017628148,62.30874513154735,58.58014195302145,Network Issues
40.21627222384968,46.506832038818025,66.85014278708509,41.71803727034765,Network Issues
54.082527557144715,49.805803941122676,55.62880860174355,29.81512135611362,Memory Leak
32.9741639576216,46.968202171657246,41.20185646497946,51.450637459593814,Network Issues
60.29155637325644,57.9994190194205,69.87061111699441,57.931756882186775,CPU Overload
54.72597482413043,33.83689391563412,44.690291021880356,48.77942867878723,Network Issues
52.56029734313876,39.46317580853646,46.64862218828548,45.42151613817511,CPU Overload
59.82690983945514,39.32197078420807,53.423378344896214,48.406377678540935,Memory Leak
66.65474444462576,59.50307591973576,65.54160420714774,46.29417237599217,Memory Leak
60.1437006501813,67.10613372581925,58.539759765522234,36.51952888059833,Network Issues
31.591257686683548,48.955507814625285,54.148655003619105,42.853193230095684,Network Issues
37.204230332642986,48.311782768099896,54.63288530118106,55.212799050138145,CPU Overload
43.75181422304321,50.700521631131814,50.43514668643466,53.216785413765,CPU Overload
50.26091050210834,61.61878302608191,55.58139514518506,51.6805980596682,Network Issues
55.17659020469123,40.72646865809426,24.70439922305697,40.04851518146621,Network Issues
42.742561868465344,52.38368982734785,47.033925409302014,48.184968378643326,Memory Leak
51.86766764477078,59.7519762978243,52.41321934916781,28.22934953557145,Memory Leak
42.44617067646678,55.01094169939845,38.48985916380493,51.784766638853895,Memory Leak
43.884821970080516,51.89581616598743,53.8632331781156,64.28857707813567,Network Issues
35.93338903151778,60.01046092567141,47.95528779013878,35.25867867957894,Network Issues
40.76766753889096,22.96767707000763,67.5547569831549,44.14072326682245,Network Issues
36.48315394383666,56.77875319530908,65.73019725214857,53.2910677871013,Memory Leak
40.241267470226674,43.45924316872576,45.34194430881837,62.528426344274834,Network Issues
60.536417966078396,31.693671031435432,48.49162288433305,45.51775383699851,CPU Overload
40.50601111168057,55.11202599524981,49.260524343916074,43.077496707341034,Network Issues
76.32382064837391,63.73658545162958,45.483405238403776,30.31076857583917,Network Issues
54.93317900880889,48.62551485372308,51.950249840281266,51.03438129308106,Network Issues
51.84836123694874,59.528745472029385,42.4171793111241,70.42076040143743,Network Issues
41.41642219818787,66.12278257988646,38.693846650624735,52.77358461964676,Network Issues
57.003098794089915,63.14914453584048,56.227112239002686,49.77721020816287,CPU Overload
44.24362173762226,66.39964529371393,56.29529584221811,53.22082310766986,CPU Overload
51.220098146453616,57.42127491071892,41.956842403400074,49.88907996051398,Network Issues
75.60084538268795,50.754336389015926,58.95355430762599,41.8698562773987,Memory Leak
49.0394010027535,33.980341881028316,43.68422270834669,58.232799156777055,Network Issues
61.49273326285676,47.53937511870051,52.53165238037981,52.25761523111754,Network Issues
42.96823574874112,41.567534046838084,58.20344012612456,50.176132519336576,Network Issues
49.65011509503038,71.70942717497815,49.66387435296287,40.2463397272175,Memory Leak
67.7080063563551,48.24114187567663,54.54740912141134,63.03507931934759,Memory Leak
43.730329422122324,51.23204806784486,44.835703561124284,56.6470274533311,Memory Leak
68.12448557996929,55.51485376040468,48.03533416571903,44.47079162632698,CPU Overload
57.07751935455475,50.436024463724536,47.94140569119659,60.01824853681937,Memory Leak
44.37533224105732,66.95051040430752,42.53421653459761,45.02429161614793,CPU Overload
56.32407739055521,43.77350638265548,48.23225836884218,42.17996507488963,CPU Overload
59.7255444962673,51.94607455237243,34.51381701136253,42.40296882519713,Memory Leak
56.21809962217196,42.57529414301952,45.08846252857895,32.28931446911909,Memory Leak
34.297752801095434,36.79977488779294,47.15124506630329,54.71542380418206,Memory Leak
42.728628241751316,43.882309090947146,47.4382024750462,31.6885512166165,CPU Overload
47.52481364448495,49.62963202951588,47.58502554129221,37.71556168734237,Network Issues
49.25566570899954,45.7069777548274,49.382358001398714,29.244119909214668,Memory Leak
56.206720975506784,43.07579020126144,54.79441518086064,49.13930307209107,Memory Leak
51.777010009332535,35.93682536328166,58.745170741325225,48.49679539728128,Memory Leak
36.64655641289899,49.16894427371305,43.50234773151733,46.73303786813636,CPU Overload
53.801978510059634,34.952796259689975,37.967991446108556,39.57422305329423,CPU Overload
56.10585745283823,57.60055963689602,39.57955587756897,38.2776624656336,Network Issues
55.5979044793104,50.824397529345035,45.12797078805073,54.64369863546574,Memory Leak
60.807807255546216,35.4244850053507,46.48078682183491,44.494480682915125,CPU Overload
58.33922154548904,46.907909229501364,42.30003933802543,53.16358321536145,Network Issues
54.59180079228437,42.478435944094166,37.038833357501055,41.14751313875777,Memory Leak
49.29834288541353,53.1917451041918,45.43879172525812,51.81062742771083,CPU Overload
33.39039066484008,63.40450446023144,51.814266201139716,63.032780373160634,Memory Leak
54.296182191325855,31.248275303542556,55.950294658355645,55.861658003927836,Memory Leak
52.076876871631114,51.150260791474174,44.42576946891679,45.875861817835194,CPU Overload
52.715788371953735,48.398672044333594,45.87002177856566,52.571989703559275,CPU Overload
37.232514241796906,56.713400764504655,40.73301691152689,47.59334825469787,CPU Overload
39.189434595917376,52.131966282376894,49.685608296252234,50.07880184694728,Memory Leak
60.53152853332904,42.48030668261181,41.515713658091855,46.743889478514966,Memory Leak
49.60444846143345,46.80946064333382,55.731278132412,48.356647941146086,Network Issues
56.81500697372624,42.03974143196511,32.14133508065889,52.12093353074175,Memory Leak
50.28318376130461,60.76007138598598,46.40370327547538,40.06641300418049,CPU Overload
50.297561394957455,50.21311648671942,53.01107339191742,39.84121173010021,Memory Leak
59.382838059759976,69.01190685753008,51.83834516322504,36.11457446168789,Network Issues
44.83955271782626,49.39339186185379,76.93033663980496,33.9972889549629,Network Issues
50.96120776940983,42.91593233089537,53.49800024567907,37.82717307779521,CPU Overload
45.377247112949576,34.862856073871725,39.959454031579895,51.59462506804129,CPU Overload
45.65503772567684,31.96860323744055,49.04535752910927,41.07212484508116,Network Issues
46.908278765313604,34.158640569945106,32.23753666533548,55.13614464231096,Network Issues
52.22133771633713,52.67126651011483,49.194002507032394,50.34713748752562,Network Issues
45.212513783365225,55.08725023229934,41.669439429992416,30.314957865619462,CPU Overload
62.55756125573521,34.188092979678665,59.15390275560162,56.549755842216896,Network Issues
41.05392697780496,58.950383140761154,44.504597254044654,58.1079864559171,Network Issues
48.13128355838641,45.1693894831656,48.832340842047536,40.06137325165147,CPU Overload
45.60268941725825,51.467930119855495,43.64442158595597,54.20191542894992,Memory Leak
64.46977884353733,66.12220628255425,67.38851351853332,41.43501762590801,Memory Leak
51.965547765115744,58.96839315865532,46.78757233882088,50.97670376748336,Network Issues
60.31844539468635,47.314693520941674,68.32557043479201,37.35501593045034,Memory Leak
35.14439626963028,41.08807774584713,58.141517621182665,32.06893547465423,Memory Leak
52.67050265869259,28.48184598670695,54.82066727335386,46.17182810387031,Memory Leak
58.89630795623437,42.8084668075758,53.6873314731752,48.762710537251635,Memory Leak
50.82283989275424,47.88869761172305,53.93797298216251,46.02320306385396,Network Issues
60.654803750653514,40.12820472848816,30.7232742065439,38.1596944177744,Memory Leak
44.82711549899628,48.68743032907695,47.21116605849244,46.00100937868863,Memory Leak
64.0934744018558,50.768518829587684,58.451579711843216,52.69294752580734,CPU Overload
72.9889812361925,47.751440181919214,49.51102816525894,49.55106969877463,Network Issues
46.37161439560341,43.4999741917654,35.94810153196425,51.82501030599214,CPU Overload
45.54497478599228,51.68654671966728,49.4759554942253,43.29884799545767,CPU Overload
64.533844771177,54.41940649569409,67.04105516255491,61.717179147161595,Network Issues
65.79572145730712,39.096009225571535,62.46891715534719,38.238266634452195,Memory Leak
44.771399728467316,64.10932379746271,49.379959906339685,54.875602970867185,CPU Overload
45.798131829041424,49.014118677157384,59.514492770580866,61.81891092959962,Network Issues
47.18215391139493,50.188496229448475,46.33492979631948,54.80908092748896,Memory Leak
36.555494889657226,57.08214423256557,32.96128413173281,47.9747577293517,Network Issues
40.81348053515802,52.332161312635016,40.75534011870445,44.71702953337021,CPU Overload
39.95859233247932,59.53136633913245,65.62888768508198,60.36087651046256,Memory Leak
42.32202434895871,52.87124165201824,47.26006918170696,35.77025074738327,Memory Leak
49.65315112613219,43.87562625359562,47.56616020624982,40.29875739620356,Network Issues
52.342147325365204,53.61503525206102,47.00161803725119,46.02442234508278,Memory Leak
65.50500492814076,38.56273792679338,69.04136589573007,62.37653757511998,CPU Overload
40.016459592612094,51.085597057765234,66.25958915362062,53.79767636040896,CPU Overload
59.843223984765835,49.66770009355539,72.18780233448135,40.31954241489755,CPU Overload
47.86011155774491,47.918831427274604,48.40954789599949,46.896922946150966,Network Issues
49.50536290347567,48.71462488561069,52.95624488747095,43.85676855903706,Memory Leak
56.74819492166604,31.18150954502361,34.833574505792086,42.90211007766465,Memory Leak
38.772779784377015,44.512750922590385,64.76934426118274,59.78889558556779,Memory Leak
53.82409746184051,50.928449011411146,38.32220448732065,36.282568707364945,CPU Overload
51.66452208213056,51.598563919974005,52.16775563762629,66.08780855734373,Memory Leak
54.92451264008149,39.72324859074042,39.02697472367156,58.28229690184623,CPU Overload
52.89168643907818,62.65707840864701,44.11133173261304,60.90861670603698,Memory Leak
74.55300139910895,41.33825151785499,41.627375689503,45.37060487974742,CPU Overload
43.62260015748684,59.69457200526737,43.92124739324182,48.500592809208904,Memory Leak
44.690030449981826,54.27194361871685,44.608772968510216,35.66848185475288,Network Issues
43.76859473575236,43.53772690156197,44.517312050749226,44.753375929331966,Network Issues
44.44522880839745,67.75310892609512,58.33333911780307,54.93654847643151,CPU Overload
43.62612872693482,38.0636316824352,38.9513720693748,62.96063061781396,CPU Overload
61.89016531107552,59.191541736100014,52.20541427013867,38.92843183197549,Memory Leak
64.20504247989855,60.005823180429786,62.179591523055585,46.34494063014734,Memory Leak
44.29253706250524,43.293797909233554,44.86803635486604,48.48700779767478,Network Issues
41.67644426895771,63.92465300064329,42.82081109252398,36.04210797807515,Memory Leak
54.71415556386404,47.49953485401047,47.69475374819749,55.913492417584,CPU Overload
44.477769557190285,52.88693629279857,61.797252083607106,42.76009668257391,CPU Overload
56.32931817755511,52.603218387712204,51.94107630953358,48.04609648822976,CPU Overload
52.029230208513,48.65691258529452,44.68785705392401,45.48050628088122,CPU Overload
34.84255885002768,58.10808273159782,54.838766511880394,42.106614942803255,CPU Overload
65.47505201330061,57.93488720552213,38.977078501635766,49.929550145194455,Network Issues
67.95877673095522,32.51468026761819,56.81359510442948,47.84390421431978,Network Issues
43.87211309515614,63.043402428781526,54.08607307701767,46.281421177213346,CPU Overload
46.122984400640156,33.37508011964326,46.92191528861116,42.71538378319657,Memory Leak
52.85865390724905,60.32546204341657,41.61414201552769,53.195246707829554,CPU Overload
53.34456789987025,61.26705136827583,41.133190777165424,66.53617268492285,Network Issues
56.5854427267283,39.09033569784802,55.348173363459104,51.39887232839127,CPU Overload
70.1020453876635,45.891857120454155,62.28980502489062,59.96118214911129,Network Issues
48.2305277250595,38.94295331514064,43.626922529712054,36.097780748465375,Network Issues
42.01702755461546,47.850789697112646,54.58386703551484,51.5776143929377,CPU Overload
36.20680771985473,46.919657158142584,29.129729813979313,39.02631681028933,CPU Overload
42.69069960058081,57.796605322693395,44.153822693428005,35.23075072468099,Memory Leak
49.66873027126203,63.10308746119608,49.68941067129098,42.60628592540964,Network Issues
67.94557863517788,63.95683810789956,40.90316583018166,61.91899334413573,Memory Leak
44.823887009638284,44.37831973421698,40.63493625210404,59.500158286696454,CPU Overload
52.237879516388986,47.90778126255472,43.322204435311136,52.430047220544,Network Issues
49.83577103927248,33.1656180777905,52.921927283263734,34.672994401100695,Memory Leak
61.88393273448084,41.94129933503811,48.12670981593625,48.03719348612063,Memory Leak
75.26932425873622,59.64851633097457,27.617687666750278,53.01700008901736,Memory Leak
44.69131227079679,66.15582823548232,28.792998473649337,51.75536229578598,CPU Overload
45.10560557481778,37.65651128120078,43.931348221428244,31.56206416519254,CPU Overload
60.44160877069072,44.075357408471056,54.57686586053552,41.09682151980128,CPU Overload
56.81891489626312,49.73594243041073,22.524951572747653,49.35922235851283,Network Issues
68.46707325736034,52.80161158819607,45.002698238483696,55.3629090951719,CPU Overload
55.839281853259635,41.90396480078354,44.73752143482579,28.038721789000537,Network Issues
46.40707909212941,54.24061044464089,63.88337778208448,48.37876024520141,Memory Leak
55.90654830692309,45.26160652929084,46.149781882871366,51.43048769878952,Memory Leak
61.087035805829075,49.855477291217206,53.829889847409284,58.49611988516213,CPU Overload
58.204821811973645,55.462842480037,51.41257140087463,56.928575842374364,Memory Leak
55.07274031107298,50.064222698109376,28.694335201927995,55.82571318808805,CPU Overload
60.666746895891535,45.63614109473431,57.682072166317376,42.00059493298066,Network Issues
61.692955904456724,48.90390196074169,52.15396505456288,30.919978628766923,Memory Leak
63.82158991037527,49.11637040794665,55.0826863967459,46.06947242938599,CPU Overload
56.48709887589643,46.29988970117872,89.26237706436326,60.0163182520856,Memory Leak
48.328819196831454,47.41203937332897,29.158870605014116,63.93454527524432,Memory Leak
51.46713686433323,65.98647170504717,67.24696649761108,57.10549102297785,CPU Overload
62.06508966508357,55.60919447941239,47.12552480599644,54.29340822801734,Memory Leak
41.83064329012764,47.045196819708394,52.873289044030095,53.79639648385965,Memory Leak
53.686733088729014,56.969544045107355,49.54487754698758,44.43881253239219,Memory Leak
46.06661187672639,46.6618051024399,45.757636666019565,48.6993970644638,Memory Leak
50.28744822934817,61.73124637586641,44.30167071761241,66.6906952582633,Network Issues
62.78451862607299,53.69642192198094,53.29508735573009,40.574419942081235,Memory Leak
51.910990680199035,48.92697855995771,34.82826303328321,66.14778790709852,Memory Leak
50.46436548156149,54.477169258102776,57.50579167521766,46.77971845507942,CPU Overload
36.40143859020081,34.291238479315005,45.83805595114746,63.25432109095078,Network Issues
57.46253566027221,38.73232531090195,38.69930660959642,35.93184990502462,CPU Overload
56.45484181141075,38.060749936009444,45.49987142004186,55.859042011646494,CPU Overload
71.6325472330546,51.429430947637066,62.571492168625724,42.63229864052378,CPU Overload
46.92221765046999,67.32514999485092,44.64664912983777,35.847328080758125,Network Issues
52.19150327663939,72.31300146192632,53.5845361820962,52.185340424109455,CPU Overload
52.49383683710755,56.380511014407574,42.69043724284526,60.09471788595969,CPU Overload
65.77453279763475,55.00844474944457,57.5792184992362,41.550585614065035,CPU Overload
49.047044676130476,31.98942265847261,56.85507738790204,35.00984039541599,Memory Leak
52.790215257703395,44.57326200265978,68.48608833296412,49.08155235665045,CPU Overload
56.078965097165394,42.12216248091761,48.244360545007844,49.12564671222819,Network Issues
51.86609123156358,43.79152401748884,56.686548047579066,55.483196275544984,Network Issues
45.535663854494715,48.318561814152105,50.98067539538945,59.495945713644886,Memory Leak
51.94089992898308,45.27909422302873,62.95871781863014,49.40584818727506,Network Issues
60.73631749859772,30.207001896242122,42.8116761239127,68.55503314794262,Network Issues
39.7348470058894,57.47910256117534,57.45005312877281,52.24234744535292,Memory Leak
51.32969674146876,39.27256974260193,48.053027038833186,46.535734939931004,CPU Overload
42.99879185060827,52.39246864111149,49.358118228915025,33.88432640897172,Memory Leak
61.950466289248425,70.74082669749973,50.91752484448373,47.37340479683832,CPU Overload
34.76813095216225,40.80615408413577,52.52240396426677,46.63613054588864,CPU Overload
44.410781527284115,24.697124772536704,48.83770956878042,59.6030479628147,Network Issues
53.772118750645205,47.139957781198895,52.147131831705266,54.62483624066854,Memory Leak
65.65524029234341,61.00959634998571,65.78118057562185,38.206308783673826,Network Issues
49.34249738927012,69.58347454220593,59.85449685615218,51.72254386411038,Network Issues
44.44800473306802,37.70450405547583,58.69154592496896,56.71531171729053,CPU Overload
68.8115706944059,54.966992232365214,45.444604739761296,65.28031359387833,Network Issues
35.51986099583756,45.34689543219947,41.10759171771676,58.875039674140595,Memory Leak
28.011940433799182,48.94051645695864,59.55300558237753,57.60846654311478,Network Issues
54.40014450053332,76.44343347017035,58.760467925297945,50.60085994615164,Network Issues
44.97945775647389,34.970296716048466,64.72670675750982,53.883120054234496,CPU Overload
39.787671828692865,52.537396614945735,43.9601937403077,62.49504900706159,Memory Leak
57.08356447299353,54.676931717654334,47.70451344639653,36.6722260252035,Network Issues
52.43800713771199,60.857863249393475,33.605158374745656,46.50560672783044,CPU Overload
44.359213692632714,50.97983153470896,46.07528893939127,42.27431251243759,Network Issues
37.19695601329106,53.08050539504102,59.96570510579447,53.79153118726124,Memory Leak
58.724573282801444,46.08351432578209,45.33504620771802,62.302221756507876,Network Issues
56.50201177958661,52.69126941245107,56.40479795200824,44.03025713278926,Network Issues
49.00824136220617,46.5680772450259,48.094968940021886,26.09695632530562,CPU Overload
68.46636996047665,56.21571889856051,53.24057028221561,45.8777925497553,Network Issues
39.29915233673847,46.30389663956366,38.523086101843326,59.13473732017407,CPU Overload
34.74474829075261,53.77100393902187,50.852094496339014,55.376299029498796,Memory Leak
43.080919301187556,49.707371863150215,20.088640290992767,54.281862478105765,Network Issues
49.54413983644502,61.26050250772168,48.13103841838015,47.200066981255205,Memory Leak
52.43339449322692,49.48606276411514,33.6952675628486,37.209692637802135,Memory Leak
47.5876394214367,32.26967531793119,62.059945165468164,55.15294321624467,Network Issues
53.520553965142966,62.619215007139914,57.774073527645115,41.65718189965375,CPU Overload
37.48460575809556,40.94267699137381,54.66670981966081,71.84096733380457,Memory Leak
64.4376460407326,43.4623366135118,65.2100622715938,55.70507208354516,Memory Leak
49.178488216074314,44.04338705956508,40.51083479175163,44.19351697446049,Network Issues
61.172958315881274,63.74438093170817,67.47363197915558,43.88614752611372,Network Issues
53.42725346377704,28.643257860213044,59.32191564260385,49.070557933864116,Network Issues
54.567532191537836,81.37748533659993,47.63444712781054,47.6049807797825,Network Issues
55.69767280232204,60.56056809066052,61.35620147182944,61.16833775529955,Network Issues
54.47708560017315,52.2323891412916,38.93706487588366,51.864161697440466,Network Issues
56.42722759867544,49.451059993837134,41.75485838472326,42.683682610914715,CPU Overload
63.29152530132431,52.85554074857657,43.914102767603,68.90440685155782,Memory Leak
51.9652116970147,55.211224283793385,44.71022291935985,50.49308331520223,CPU Overload
57.09003757588512,56.45215585950057,39.43442357239747,57.68839675968897,CPU Overload
49.102643057127736,55.55604466003449,62.23083067095325,43.91773492555241,Network Issues
64.40117215449473,50.895806812552486,47.41145599630168,53.631156277445236,Memory Leak
43.2360769794073,48.02661579692674,53.525049683568795,53.11109991143195,CPU Overload
68.00940432910815,48.487267163464885,44.29648633586319,31.103507079038472,Network Issues
49.59842049355657,48.05091719647319,31.79396699451483,70.15275110460641,Network Issues
35.69224897881952,61.337700968670646,52.70057358391422,62.906444609225474,Memory Leak
51.28104414910789,55.935567222808615,30.87745024580223,46.02804683854012,CPU Overload
43.18948342525119,20.596113653357197,49.31365953914531,38.977302595441444,CPU Overload
58.406435489887244,56.55900776529761,36.3168496116719,53.47561613803552,CPU Overload
43.47376020697609,51.94736194718775,69.87275999230808,50.86697699414397,Network Issues
45.538165667852205,49.81291243554102,59.113627221747215,53.55668948563229,Memory Leak
31.104592690544692,46.11481546911114,51.05753791271481,51.91577396194089,Memory Leak
45.47693680750923,61.24112719986013,62.63706677654669,55.06240989305926,CPU Overload
25.761206733710434,59.475264621228575,41.536840225342644,64.47305699391806,Network Issues
34.16097176514277,42.27122332176391,55.43479378670093,55.681032051286465,CPU Overload
57.604146561442974,54.07052287124535,51.99810433718714,39.50344501090059,Memory Leak
57.85800158650832,40.28343265458714,52.6402008133367,63.62562852712452,Network Issues
54.254575617849646,36.203818352110694,62.723535001067674,66.40614563488288,CPU Overload
40.33023856870787,43.73282775410035,57.32492102779802,81.52056734512085,CPU Overload
49.5228864385802,58.62393472382759,52.887236628250236,38.76505966760402,Network Issues
49.963974609094315,59.53125045376087,33.45112563771704,52.42882013150275,Memory Leak
38.416353108074574,55.130854200972934,40.399537047205364,29.17901296811013,Network Issues
65.0339830176715,57.25095786847997,48.77291066404276,55.53149156379209,CPU Overload
58.77362290575671,55.16178287114958,50.93372374276651,44.517997018332274,CPU Overload
47.79035826170336,43.585184047770476,38.69796275326076,69.23445794824953,CPU Overload
50.26885838994531,54.31922544673941,74.11676675578421,42.25385029981418,CPU Overload
52.08382807947552,58.00409525227683,65.16394055253573,33.10816962032739,Memory Leak
29.582651315757094,57.542913298135744,56.021183203924835,45.2873625929748,Memory Leak
47.52822617479403,61.88913371474643,50.72036861283745,30.245122287828625,CPU Overload
43.180157520022014,57.083038472010635,47.87791030098848,57.5109945450731,Memory Leak
39.983799901050844,53.51448207541583,40.48081539977764,29.349169537436794,Memory Leak
47.18899707114045,60.701502383164275,50.774805185188626,50.28457581183159,Memory Leak
67.97686526849523,49.7347874075094,52.57752540142751,29.22188180143803,CPU Overload
56.4084286126701,41.18125348772282,37.58239424518376,46.79702195463358,Network Issues
44.28821010217203,48.36933036056236,53.341764172448976,66.43378155804534,Network Issues
55.72582781356159,42.55097355193551,48.44740951175251,53.60647891435795,Network Issues
