cpu_usage,memory_usage,disk_io,network_latency,root_cause,Predicted_Root_Cause
54.96714153011233,59.26177547531641,63.99355436586002,57.78361076166638,Memory Leak,Memory Leak
48.61735698828815,69.0941664047013,59.246336829127685,44.488142836714665,Network Issues,Memory Leak
56.47688538100692,36.01432426180859,50.59630369920174,41.81801116577693,Memory Leak,CPU Overload
65.23029856408026,55.62969236690571,43.53063222294426,49.96625542589048,Network Issues,Memory Leak
47.65846625276664,43.49357430878173,56.982233136135896,48.29815377475072,Network Issues,CPU Overload
47.6586304305082,45.12874616235304,53.93485385421749,45.46771950672725,Network Issues,CPU Overload
65.79212815507391,44.07606075761131,58.95193220027733,56.96387447456716,Memory Leak,Memory Leak
57.67434729152909,41.36009230320184,56.351718016819696,59.553052085705104,CPU Overload,CPU Overload
45.30525614065048,50.48521627944827,60.49552715319335,50.88406886291848,CPU Overload,CPU Overload
55.42560043585965,41.69049883588962,44.64764788439432,64.77530081055262,Memory Leak,Memory Leak
45.365823071875376,52.70456825779839,63.173940656343255,38.58310885866495,CPU Overload,CPU Overload
45.34270246429743,49.49761890550863,51.975996046924,48.06340540720282,CPU Overload,CPU Overload
52.41962271566034,47.6105195313359,70.75260872625265,42.831776793971954,Network Issues,CPU Overload
30.86719755342202,40.92436337958402,43.10812181910432,31.3346338292694,Network Issues,CPU Overload
32.75082167486967,44.23228669431667,67.3596380316525,49.17319314157301,Memory Leak,CPU Overload
44.37712470759027,57.55391225825756,51.97910783462648,48.78252491616716,Memory Leak,Memory Leak
39.87168879665576,55.009171876243805,43.48581996385552,65.13449743242131,CPU Overload,Network Issues
53.142473325952736,40.22444755201449,45.16114165945678,56.30811684554777,Network Issues,CPU Overload
40.91975924478789,50.99332305429226,46.7965269180568,39.758131756707954,Memory Leak,Network Issues
35.87696298664709,57.51387123371789,54.241659464019165,68.54092566334188,Memory Leak,Memory Leak
64.65648768921554,33.305947188786284,55.228354880355,62.21033695525353,Memory Leak,CPU Overload
47.74223699513465,55.43360192379935,44.26299996061421,55.82097703468616,Memory Leak,Memory Leak
50.67528204687924,43.37376241054153,49.756454077390174,47.73515901150168,Memory Leak,CPU Overload
35.75251813786544,55.70598668593159,71.42270358611864,40.4056076327652,Memory Leak,CPU Overload
44.556172754748175,42.367408434574834,67.27543170100711,46.27793223928947,CPU Overload,CPU Overload
51.10922589709866,31.95117899335481,54.36323669674032,60.88748619704186,Network Issues,CPU Overload
38.490064225776976,33.72457562116837,50.380034781682,68.84586305934609,Network Issues,CPU Overload
53.75698018345672,50.48084946661382,51.200313267182615,65.43243528272188,Memory Leak,Memory Leak
43.99361310081195,52.59722501721482,56.13517972730416,45.11150578213726,Network Issues,CPU Overload
47.08306250206724,40.95683374895592,39.77207434801595,38.80382566710989,Network Issues,CPU Overload
43.98293387770603,56.38592458777374,47.42623462576655,51.40886246911204,Network Issues,Network Issues
68.52278184508938,33.3847993773104,33.314159261224106,32.31560634437149,Memory Leak,CPU Overload
49.86502775262066,49.33920201352684,53.9922312260528,53.23167714184781,Memory Leak,CPU Overload
39.422890710441,37.88983800237544,56.47195939702741,48.52397413701331,Network Issues,CPU Overload
58.225449121031886,43.48163892197841,45.16813537700626,45.33963498131758,Network Issues,CPU Overload
37.791563500289776,50.47398671316414,65.73986763290033,34.05296932733204,Memory Leak,CPU Overload
52.08863595004755,41.39586634716048,37.74234336997659,55.136001065697165,CPU Overload,Network Issues
30.403298761202244,46.154444557701744,35.3562511979018,44.672991603380886,Network Issues,Network Issues
36.71813951101569,60.0629280921444,52.24451818559972,38.30083164289712,CPU Overload,Network Issues
51.96861235869123,44.23108130476851,60.47098302612154,21.277377867183507,Network Issues,CPU Overload
57.38466579995411,58.35692112065142,66.83927691457869,49.72485094949364,CPU Overload,Memory Leak
51.7136828118997,38.702931453423815,45.4111573713106,67.72251596669744,CPU Overload,CPU Overload
48.8435171761176,55.298041779152825,60.78680833431296,66.6125921454787,CPU Overload,Memory Leak
46.98896304410711,64.41568620657901,49.61491530499293,45.429037434137285,Memory Leak,Memory Leak
35.214780096325725,25.283554998727105,48.273727000591805,43.97787939638219,CPU Overload,CPU Overload
42.801557916052914,42.03104744529523,58.83659937486672,54.68774256075024,CPU Overload,CPU Overload
45.393612290402125,55.7707212718054,56.5232287841342,40.016145608117085,CPU Overload,CPU Overload
60.57122226218915,47.96954613957007,34.236078430157505,53.01791899819466,Network Issues,Memory Leak
53.43618289568462,53.71145873371309,64.76540349725896,57.6608027838469,CPU Overload,Memory Leak
32.36959844637266,43.9601481328418,63.80091354147452,62.26933223884308,Network Issues,CPU Overload
53.24083969394795,50.865897874729,43.74437298490471,48.99845923520047,CPU Overload,Memory Leak
46.14917719583684,48.44322764607921,53.95803533437409,47.96326249823034,CPU Overload,CPU Overload
43.23077999694041,61.67782061659807,54.94030186282739,41.22017413243439,Memory Leak,Memory Leak
56.11676288840868,52.54420843301213,52.60673765823907,41.7311964596014,Network Issues,Memory Leak
60.30999522495951,53.37602662075202,44.4969484615458,47.73521108098473,CPU Overload,Memory Leak
59.31280119116199,45.881230338775325,43.283766320619485,53.67365506816178,Network Issues,Memory Leak
41.607824767773614,45.123937759275066,49.74445929008554,59.13584626233249,Network Issues,CPU Overload
46.907876241487855,45.67441812180379,61.72729019259364,41.96821049319655,Memory Leak,CPU Overload
53.31263431403564,53.944521423782966,55.43600154594432,64.92688568959522,Memory Leak,Memory Leak
59.75545127122359,45.79015519179737,46.29385667913894,47.28876398957431,Memory Leak,Memory Leak
45.2082576215471,52.89774856896413,57.71698710648344,49.78632705651564,Memory Leak,CPU Overload
48.14341023336183,70.75400798645438,21.514573793699245,42.52788320852176,Memory Leak,Network Issues
38.93665025993972,58.711247034316926,61.48765700372103,25.757597397270583,Memory Leak,CPU Overload
38.037933759193294,46.73976467832159,32.60286221221901,58.8404539636105,Memory Leak,Network Issues
58.125258223941984,62.01213922163944,46.37559058596868,57.36843897092433,Memory Leak,Memory Leak
63.56240028570823,45.91924626978449,38.803301053738565,47.18672442881787,CPU Overload,Memory Leak
49.27989878419666,29.61875464822146,37.05318524279095,50.66990717224872,Network Issues,CPU Overload
60.03532897892024,39.91913689082596,61.6082678737852,55.15939217704099,Memory Leak,CPU Overload
53.61636025047634,31.292080789741444,45.32298798688109,34.374541431134574,Memory Leak,CPU Overload
43.54880245394876,46.48486515958692,53.46503881730716,44.70947322653705,Network Issues,CPU Overload
53.61395605508414,50.18418379189552,49.53079421120816,57.94264679621827,CPU Overload,Memory Leak
65.38036566465969,66.76437312275283,54.770408272231215,37.45710576830751,Network Issues,Memory Leak
49.64173960890049,53.269273737641626,50.76821891060256,52.935579321666296,Network Issues,Memory Leak
65.64643655814007,47.80899471191136,37.1700777581143,36.43418195376595,Memory Leak,Memory Leak
23.802548959102555,58.294055811834895,59.9626681944714,54.66429982433527,Network Issues,CPU Overload
58.21902504375224,27.88864690992115,45.06243416838687,49.643585177025166,Network Issues,CPU Overload
50.87047068238172,52.356145581085656,34.434181013402494,33.848681840944906,Memory Leak,Network Issues
47.009926495341325,57.708651938869664,45.71884839034088,61.64739354457171,Memory Leak,Memory Leak
50.91760776535502,35.214137542201584,65.00759790634311,42.65408423201951,Memory Leak,CPU Overload
30.124310853991076,61.43754043206929,58.50221742113493,41.89747562985619,Memory Leak,Network Issues
47.80328112162488,53.38496407494414,46.51347865592141,52.00569197230943,Network Issues,Memory Leak
53.57112571511746,45.84712086099199,46.50742295681571,61.48637349428715,Network Issues,Memory Leak
64.77894044741517,56.32781866106285,46.783649487826175,39.841781810216034,CPU Overload,Memory Leak
44.81729781726352,72.70692857804396,70.76747983560841,50.61679849847972,CPU Overload,Memory Leak
41.91506397106812,51.81866255058495,53.819354522315535,54.28816500330573,Network Issues,CPU Overload
44.98242956415464,52.48220586300336,54.30041647191069,56.93105607263144,CPU Overload,Memory Leak
59.15402117702074,45.40639100459756,60.30283454031842,51.76441555277225,Network Issues,CPU Overload
53.287511096596845,41.50155630535208,52.387891590265134,46.329721609166775,CPU Overload,CPU Overload
44.70239796232961,58.30335816544245,47.40957854179297,41.7240977935128,Memory Leak,Network Issues
55.13267433113356,41.43916174091133,48.03650150915022,50.86143883046375,CPU Overload,CPU Overload
50.9707754934804,50.715662372193925,49.28398740585936,39.27860988014393,Memory Leak,CPU Overload
59.68644990532889,45.223425532348834,49.627777634901584,20.78649516505393,Memory Leak,CPU Overload
42.97946906122648,54.78979825746392,57.2762954363698,54.36559804157668,Memory Leak,Memory Leak
46.72337853402232,53.33662105286948,50.519458858072994,59.03934841086196,Memory Leak,Memory Leak
46.07891846867842,60.375399442579,57.32640077215579,26.370675644581617,CPU Overload,Network Issues
35.364850518678814,44.89983601145253,49.19283419891418,39.90269295290062,Network Issues,CPU Overload
52.96120277064576,47.30125064706629,50.786351903160906,56.191542610051975,Memory Leak,Memory Leak
52.610552721798896,40.21236284217693,30.017993154678923,70.574954697117,CPU Overload,Network Issues
50.05113456642461,45.55706739923888,59.16327674702482,50.20793707675408,Memory Leak,CPU Overload
47.65412866624853,53.77300493044852,53.46488475897993,42.71997058770866,CPU Overload,CPU Overload
35.84629257949586,57.56988616645352,59.98010109859652,48.1710355889516,CPU Overload,CPU Overload
45.79354677234641,40.77834675822375,21.037446218063103,63.74876419148185,CPU Overload,Network Issues
46.572854834732304,58.6960592010566,70.88374704780728,43.54035820875465,Network Issues,CPU Overload
41.97722730778381,63.55637858804951,48.604103718448265,42.00807993349746,CPU Overload,Network Issues
48.38714288333991,54.13434903223701,61.08182816737517,45.17256477817968,CPU Overload,CPU Overload
54.04050856814538,68.76795812558066,39.60094072874469,40.46671391741288,Network Issues,Memory Leak
68.8618590121053,42.26210800896427,56.1277390506257,51.22670315994795,Network Issues,Memory Leak
51.74577812831839,37.55345296688583,39.46584436826344,66.2467845846956,CPU Overload,CPU Overload
52.57550390722764,32.212797510957216,43.76231039304195,53.23079273116029,Network Issues,CPU Overload
49.25554084233833,64.96044311489183,69.14031353866787,47.47646497873713,Memory Leak,Memory Leak
30.812287847009586,56.54365656354058,48.09317599236653,47.08188731084456,Memory Leak,Network Issues
49.73486124550783,49.44415329089545,52.17432873179723,34.36809191303343,Network Issues,CPU Overload
50.60230209941027,52.79968626319821,58.70067730688754,58.83109777147159,Network Issues,Memory Leak
74.63242112485287,38.74510952701623,54.95681887972604,49.22162802987198,CPU Overload,Memory Leak
48.07639035218877,74.45751979616827,51.504189051435766,48.19520086409374,Network Issues,Memory Leak
53.015473423336125,51.29221181975228,53.64961002466225,81.93107567844861,CPU Overload,Memory Leak
49.65288230294757,51.09394794604893,74.03415585238275,52.98752908365686,Memory Leak,CPU Overload
38.31321962380468,57.25766623898692,49.42381202966415,42.48208949904816,Network Issues,Network Issues
61.42822814515021,54.810092317367136,52.01099046714968,45.736424037944566,CPU Overload,Memory Leak
57.51933032686775,52.23884024279131,60.50654396007612,61.48445709196755,CPU Overload,Memory Leak
57.91031947043047,42.09525544554688,61.05525932957984,51.13270410537764,Memory Leak,CPU Overload
40.906125452052606,54.71468357135996,61.8703030556038,35.61722021682633,Network Issues,CPU Overload
64.02794310936099,68.82024496475034,56.38730222029184,59.19228934575204,Memory Leak,Memory Leak
35.98148937207719,63.454200461549775,38.569950872695166,43.31855914461006,CPU Overload,Network Issues
55.86857093800271,65.93186626639397,66.33431532301096,68.73297776217545,CPU Overload,Memory Leak
71.90455625809979,44.88784323568815,38.53654606981312,60.80048065714649,Network Issues,Memory Leak
40.09463674869312,40.10395179741419,53.02635465239033,45.52678104341249,CPU Overload,CPU Overload
44.33702270397228,48.74213079900352,42.45724149980642,62.81016361735113,Network Issues,Network Issues
50.99651365087641,50.557249122886944,49.35861653407007,50.67855510527404,Memory Leak,Memory Leak
44.96524345883801,60.94191518470949,53.2876241030348,58.52773675122219,Network Issues,Memory Leak
34.493365689338674,33.07535370285181,53.21357215450273,54.84732817294475,Network Issues,CPU Overload
50.68562974806027,65.29550319460614,54.21920754235285,41.53643345009127,CPU Overload,Memory Leak
39.37696286273895,48.4199210142101,66.13711269058646,43.56450167682538,CPU Overload,CPU Overload
54.73592430635182,45.7311893005258,54.5353430151398,60.29960817581161,Network Issues,CPU Overload
40.80575765766197,39.87895624739832,47.55843364709352,46.65224667893459,CPU Overload,CPU Overload
65.4993440501754,33.451433281342304,59.64087168288357,45.96351536758003,CPU Overload,CPU Overload
42.16746707663763,58.231705839619146,61.894704889246405,40.44877420650647,CPU Overload,CPU Overload
46.77938483794324,50.73317967188404,37.72392184863008,54.23599065593461,Network Issues,Network Issues
58.135172173696695,37.10039100258946,55.97400069849858,70.62524919243145,CPU Overload,CPU Overload
37.69135683566045,37.04921227936384,57.01172742310898,39.32467085745727,Network Issues,CPU Overload
52.27459934604129,46.64215300709872,47.02436496640008,50.24219456672758,CPU Overload,CPU Overload
63.07142754282428,66.69021525289392,63.75706813311619,64.12220555415429,Memory Leak,Memory Leak
33.92516765438772,47.40408648636395,48.499444129674735,49.203586087542845,CPU Overload,CPU Overload
51.84633858532304,34.96857046881894,51.25576453471543,54.52371796249734,CPU Overload,CPU Overload
52.59882794248424,47.54256935914056,48.2692817571613,39.3760647185312,Network Issues,CPU Overload
57.8182287177731,47.27276430252329,50.15579047581468,54.28307097207649,Network Issues,Memory Leak
37.63049289121918,23.031133570584284,39.03724913104799,48.12855734995451,CPU Overload,CPU Overload
36.79543386915724,49.45705133482188,35.59949117405706,59.85729995679863,Memory Leak,Network Issues
55.21941565616898,47.69065469791322,65.94505063224972,61.87386051564751,CPU Overload,CPU Overload
52.96984673233186,56.96206364813418,41.53038651681672,75.89563642018614,CPU Overload,Memory Leak
52.50492850345877,68.48956094945345,40.08607650543693,55.79633173213576,Memory Leak,Memory Leak
53.46448209496975,61.26565029547757,28.46609886396285,53.257963165821664,Network Issues,Network Issues
43.19975278421509,47.31111309445169,43.610382523104974,51.94384301577336,CPU Overload,Network Issues
52.32253697161004,38.934740912583294,36.76910206592502,46.46833707189312,Network Issues,CPU Overload
52.93072473298681,75.7335980324986,66.4201516013637,53.38483843461691,Network Issues,Memory Leak
42.85648581973632,50.59218434014488,60.09817089342634,47.04598589860971,Memory Leak,CPU Overload
68.65774511144757,50.13929291912946,43.118496548222765,51.68460976269614,Memory Leak,Memory Leak
54.73832920911788,49.75874912889997,72.52435805344308,63.1759753560796,Network Issues,CPU Overload
38.08696502797351,51.98084760767855,59.81765486991594,39.93457434720359,CPU Overload,CPU Overload
56.5655360863383,48.556395880760576,46.75168616491378,61.39878561129045,Network Issues,Memory Leak
40.25318329772679,44.26337993119763,25.00594285126427,63.17115067339866,CPU Overload,Network Issues
57.87084603742452,44.53141058759608,72.90942572590743,48.81931473008921,CPU Overload,CPU Overload
61.58595579007404,49.672467297840015,36.10427533236404,28.78145100991405,Memory Leak,Network Issues
41.7931768164829,44.56575228866235,33.546012530431085,43.92178012905568,CPU Overload,Network Issues
59.63376129244322,42.87154217322836,60.225704320096405,62.96994546561109,CPU Overload,CPU Overload
54.12780926936498,51.064302276918966,74.39752406339272,49.77131937701118,Network Issues,CPU Overload
58.2206015999449,47.45022782579144,63.84272818510518,40.00697767705089,Memory Leak,CPU Overload
68.96792982653947,65.0399298858269,55.6390912005236,44.95225078771782,CPU Overload,Memory Leak
47.54611883997129,23.49030191606988,55.94754341665286,58.40620026504553,CPU Overload,CPU Overload
42.4626383564251,60.91506851922462,58.53415558780308,55.4673356820138,Memory Leak,Memory Leak
41.10485570374477,62.46085192497629,57.58928589786765,47.61067900830306,Network Issues,Memory Leak
41.841897150345616,29.266097675918505,52.81191423969376,46.33175588185313,Memory Leak,CPU Overload
49.22898290585896,46.57312405919652,51.04201103951876,46.08241850956178,Memory Leak,CPU Overload
53.41151974816644,46.28559134004209,49.374068721004775,40.77589815501497,CPU Overload,CPU Overload
52.766907993300194,35.924883052821784,42.46035411133324,66.15375689469442,CPU Overload,CPU Overload
58.27183249036024,42.22183312409125,47.19324923133226,46.7767953078866,Network Issues,CPU Overload
50.13001891877907,38.894241545341714,33.07043185804615,62.17158520825497,CPU Overload,Network Issues
64.53534077157317,67.52270443423623,49.0166037320525,65.21316051922452,CPU Overload,Memory Leak
47.35343166762044,59.35678393147461,40.11408892849083,59.9831089814796,Memory Leak,Memory Leak
77.20169166589619,62.71555094994159,38.964106827842286,45.68379687281952,CPU Overload,Memory Leak
56.25667347765006,57.21672064043235,51.79894151153479,54.037300903366095,Network Issues,Memory Leak
41.42842443583717,38.70948228782771,63.92002286344599,49.75804393609084,Memory Leak,CPU Overload
39.29107501938888,44.75479733720226,59.183166060023126,40.96298139269872,Network Issues,CPU Overload
54.824724152431855,54.89374561227918,34.29499396376823,53.24359281721603,Memory Leak,Network Issues
47.76537214674149,37.77872191108055,40.10371863429663,38.20960208840198,CPU Overload,CPU Overload
57.14000494092092,57.12998430172388,59.40771187988216,61.87679388461564,Memory Leak,Memory Leak
54.73237624573545,47.59674601841865,40.1751260646169,45.35382702701607,Memory Leak,Network Issues
49.27171087343128,46.251791924504026,47.75366850002976,52.01159655872839,CPU Overload,CPU Overload
41.532062819315954,57.10959968203491,55.50052099024552,52.83287871546142,CPU Overload,Memory Leak
34.851527753141355,54.4426331148604,40.31655545136365,47.410950262959226,Network Issues,Network Issues
45.53485047932979,46.3903383418092,51.0537550614596,55.86693801475275,Network Issues,CPU Overload
58.56398794323472,61.59329803364248,36.65974505081795,45.25096343377476,CPU Overload,Memory Leak
52.14093744130204,39.18936672400103,43.98632356048786,58.71297297457244,CPU Overload,CPU Overload
37.54261221288012,56.15935606944264,53.19781934142537,36.54020319753251,CPU Overload,Network Issues
51.73180925851182,55.93101257968384,34.070062664683306,51.26379579546412,Memory Leak,Network Issues
53.85317379728837,46.904535606860094,54.40474737960399,69.38928999058285,Memory Leak,Memory Leak
41.16142563798867,53.26133022242118,49.80362201073319,39.99668675394425,Memory Leak,Network Issues
51.53725105945528,37.488864236146966,55.52489954417148,43.222550294751485,CPU Overload,CPU Overload
50.58208718446,59.24027019206901,52.23914134064661,55.13907849658915,Network Issues,Memory Leak
38.57029702169377,48.15097863557011,63.64140429973844,51.79581781939598,CPU Overload,CPU Overload
53.57787360348284,44.772769794809605,51.25224502647907,53.50630099273559,Memory Leak,CPU Overload
55.60784526368234,60.49009225836889,45.70594458874747,54.89187130147664,Memory Leak,Memory Leak
60.830512431752766,42.95656309457241,51.22297503032284,56.3472146856177,CPU Overload,Memory Leak
60.53802052034903,35.91538703636441,55.43298029036388,61.09699841956223,CPU Overload,CPU Overload
36.22330632042909,34.433708264760966,50.48860070325704,54.098186569285126,Memory Leak,CPU Overload
40.62174960084877,56.06009951345639,50.405916912038826,47.58742345381457,Memory Leak,Network Issues
55.1503526720866,37.19570647503717,42.980083121932445,56.72573701202731,Memory Leak,CPU Overload
55.13785950912209,67.54794181984364,43.37099082449052,68.99881934895215,CPU Overload,Memory Leak
55.15047686306048,29.18070592116278,35.97394728200307,48.67366253617426,Memory Leak,CPU Overload
88.52731490654722,66.96456368290038,67.4957674318694,40.25470695329359,Memory Leak,Memory Leak
55.70890510693167,52.11017467202618,37.56136764608715,61.07080669286972,Network Issues,Memory Leak
61.35565640180599,49.03286888129608,43.07094802204092,48.796188360464015,CPU Overload,Memory Leak
59.54001763493203,44.550809131910505,42.81592734430802,28.27330453985964,Network Issues,CPU Overload
56.51391251305798,53.99136114352071,58.949243769444415,58.47421677150422,Network Issues,Memory Leak
46.84730755359654,49.62365297575152,47.05050321707972,44.64671814046077,Memory Leak,Network Issues
57.58969220493268,61.03301882016521,62.477420726737336,49.0946671769584,CPU Overload,Memory Leak
42.27174785462428,51.1422764866204,43.26509375756132,53.319803305690144,Memory Leak,Network Issues
47.63181393259991,51.50301761461878,52.78994162223802,51.904996797790666,CPU Overload,CPU Overload
45.14636452170897,46.36387787786144,41.64652946740243,57.0945181713904,Network Issues,Network Issues
50.81874139386323,49.43054376278933,71.45149127773388,45.645136294301565,CPU Overload,CPU Overload
73.14658566673509,53.07801768892059,38.12401580970487,55.131057981760826,Memory Leak,Memory Leak
31.32734807408252,32.89831607343375,53.09820710227027,47.40453322416083,Memory Leak,CPU Overload
56.86260190374514,36.51814577894287,56.33776880932098,57.38810480887503,Memory Leak,CPU Overload
33.87284128810349,57.43264094022715,54.137990974514985,56.153674840130535,CPU Overload,Network Issues
45.28068134210567,51.708654381279416,48.147123411222914,40.645612979554045,Network Issues,Network Issues
60.889505969673664,48.16016663647321,48.70179300266574,60.85982116175032,Network Issues,Memory Leak
50.64280019095463,50.184339330653934,50.438114719791095,44.64036554885952,CPU Overload,CPU Overload
39.22255222070694,53.47581705361671,48.52997998371512,58.08057798281145,Memory Leak,Network Issues
42.84696290740032,44.60240319690639,59.63879116794909,53.67287313401341,Network Issues,CPU Overload
56.79597748934676,42.21695274597688,72.10523001591352,68.38183676795123,Memory Leak,CPU Overload
42.69633368282864,51.958452550976816,44.425082149921664,47.76534017628148,CPU Overload,Network Issues
52.16458589581975,40.21627222384968,36.301970204209226,46.506832038818025,Memory Leak,Network Issues
50.45571839903814,54.08252755714472,49.117179516487454,49.80580394112268,Network Issues,Memory Leak
43.48399652394183,32.9741639576216,75.79709337654319,46.968202171657246,Network Issues,CPU Overload
71.43944089325325,60.29155637325644,41.963254320302696,57.9994190194205,Memory Leak,Memory Leak
56.33919022318011,54.72597482413043,66.39116805444067,33.83689391563412,CPU Overload,CPU Overload
29.74857413342393,52.56029734313876,66.77700814076441,39.46317580853646,Memory Leak,CPU Overload
51.86454314769428,59.82690983945514,44.46411758292005,39.32197078420807,CPU Overload,Memory Leak
43.38213535231612,66.65474444462576,55.68983079185276,59.50307591973576,Memory Leak,Memory Leak
58.52433334796224,60.1437006501813,66.28396623128538,67.10613372581925,Network Issues,Memory Leak
42.07479261567299,31.591257686683548,46.20872259012513,48.955507814625285,CPU Overload,CPU Overload
48.85263558533101,37.204230332642986,47.964196398976384,48.311782768099896,CPU Overload,CPU Overload
55.049872789804574,43.75181422304321,44.18319086051356,50.70052163113181,CPU Overload,CPU Overload
58.657551941701215,50.26091050210834,39.852432693071336,61.61878302608191,Network Issues,Memory Leak
37.99703592944224,55.17659020469123,43.50722454933993,40.72646865809426,Memory Leak,Network Issues
46.65498764159052,42.742561868465344,37.76059733237744,52.38368982734785,Network Issues,Network Issues
45.25054688839044,51.86766764477078,50.34083468259226,59.7519762978243,CPU Overload,Memory Leak
43.46670767426288,42.44617067646678,42.30026768941358,55.01094169939845,Memory Leak,CPU Overload
67.65454240281096,43.88482197008052,52.33785911790748,51.89581616598743,Network Issues,Memory Leak
54.04981710960956,35.93338903151778,34.44104353796373,60.01046092567141,CPU Overload,CPU Overload
37.39116045664954,40.76766753889096,53.30880232214457,22.96767707000763,CPU Overload,CPU Overload
59.17861947054776,36.48315394383666,58.33528961608925,56.77875319530908,Network Issues,CPU Overload
71.22156197012633,40.241267470226674,30.062643574285445,43.45924316872576,Network Issues,Memory Leak
60.32465260551147,60.5364179660784,53.74056569847572,31.693671031435432,Network Issues,Memory Leak
34.80630034045987,40.50601111168057,62.27668992473292,55.11202599524981,CPU Overload,CPU Overload
45.15765927133749,76.32382064837391,37.90358981308795,63.73658545162958,Network Issues,Memory Leak
62.66911149186623,54.93317900880889,66.72572386837703,48.62551485372308,CPU Overload,Memory Leak
42.92330534381219,51.84836123694874,54.190190093660455,59.528745472029385,Network Issues,CPU Overload
54.43819428146229,41.41642219818787,42.94988144241592,66.12278257988646,CPU Overload,Memory Leak
57.74634053429337,57.00309879408992,49.44230922342294,63.14914453584048,CPU Overload,Memory Leak
40.730695284219166,44.24362173762226,55.58326912521722,66.39964529371393,Memory Leak,CPU Overload
49.404746439382,51.220098146453616,50.760053914124114,57.42127491071892,Network Issues,Memory Leak
17.58732659930927,75.60084538268795,55.387559924463694,50.754336389015926,Network Issues,Network Issues
39.756123586657104,49.0394010027535,40.79326406920634,33.98034188102832,CPU Overload,Network Issues
47.4743184860684,61.49273326285676,51.69360824036078,47.53937511870051,CPU Overload,Memory Leak
37.52216818035151,42.96823574874112,35.8628550309502,41.56753404683808,CPU Overload,Network Issues
66.32411303931636,49.65011509503038,48.887739386513,71.70942717497815,Memory Leak,Memory Leak
35.69858622039367,67.7080063563551,40.960923585352106,48.24114187567663,Memory Leak,Network Issues
45.599555133030165,43.73032942212232,42.64470057410233,51.23204806784486,CPU Overload,CPU Overload
51.30740577286091,68.12448557996929,62.36093175210438,55.51485376040468,Network Issues,Memory Leak
64.41273289066116,57.07751935455475,60.91310120594269,50.436024463724536,Network Issues,Memory Leak
35.6413784882056,44.37533224105732,56.09138120907177,66.95051040430752,Memory Leak,CPU Overload
61.63163752154959,56.32407739055521,39.07687235327421,43.77350638265548,Memory Leak,Memory Leak
50.10233061019587,59.7255444962673,46.83591550305198,51.94607455237243,CPU Overload,Memory Leak
40.18491348952049,56.21809962217196,62.13097699979184,42.57529414301952,Network Issues,CPU Overload
54.62103474263271,34.297752801095434,51.417169136399046,36.79977488779294,CPU Overload,CPU Overload
51.9905969557347,42.72862824175132,73.19329539981695,43.882309090947146,Memory Leak,CPU Overload
43.99783122841205,47.52481364448495,53.93317839394372,49.62963202951588,Network Issues,CPU Overload
50.69802084990019,49.25566570899954,51.92049116490031,45.7069777548274,Network Issues,CPU Overload
46.1468640313824,56.206720975506784,46.908835357974986,43.07579020126144,Memory Leak,Network Issues
51.13517345251248,51.777010009332535,51.33540904782282,35.93682536328166,CPU Overload,CPU Overload
56.62130674521047,36.64655641289899,48.47530163619456,49.16894427371305,CPU Overload,CPU Overload
65.86016816145352,53.801978510059634,57.0810867668859,34.952796259689975,Network Issues,Memory Leak
37.62184501173151,56.10585745283823,59.56702316794584,57.60055963689602,Memory Leak,CPU Overload
71.33033374656267,55.5979044793104,42.1401053949205,50.82439752934504,Network Issues,Memory Leak
30.479122004774982,60.807807255546216,36.68767046442222,35.4244850053507,Memory Leak,Network Issues
48.48214904964416,58.33922154548904,31.637946268967035,46.90790922950136,CPU Overload,Network Issues
55.883172064845766,54.59180079228437,55.07991326912544,42.478435944094166,Memory Leak,Memory Leak
52.809918677350325,49.29834288541353,38.96633393826127,53.1917451041918,CPU Overload,Network Issues
43.77300480179406,33.39039066484008,28.47109407047517,63.40450446023144,Memory Leak,Network Issues
47.918777496427246,54.296182191325855,53.88578604530965,31.24827530354256,Network Issues,CPU Overload
45.06999065341167,52.07687687163112,74.9299951743279,51.150260791474174,CPU Overload,CPU Overload
44.10635243055789,52.715788371953735,49.93929088460106,48.3986720443336,Network Issues,Network Issues
58.496020970210246,37.232514241796906,58.38490774451642,56.713400764504655,Network Issues,CPU Overload
53.57015485965047,39.189434595917376,50.81829358547565,52.131966282376894,CPU Overload,CPU Overload
43.070904047393455,60.53152853332904,49.01110346808857,42.48030668261181,CPU Overload,Network Issues
58.9959987543325,49.60444846143345,59.190764829877686,46.80946064333382,Network Issues,Memory Leak
53.072995208766095,56.81500697372624,47.09725455811349,42.03974143196511,Network Issues,Memory Leak
58.1286211883896,50.28318376130461,52.67392314071903,60.76007138598598,Network Issues,Memory Leak
56.29628841923612,50.297561394957455,53.21697806196013,50.21311648671942,Network Issues,Memory Leak
41.71004989077928,59.382838059759976,43.31909546356951,69.01190685753008,CPU Overload,Memory Leak
44.39818959803031,44.83955271782626,59.92042349536523,49.39339186185379,CPU Overload,CPU Overload
57.472936051232615,50.96120776940983,48.25040243304591,42.91593233089537,Network Issues,Memory Leak
56.10370265433465,45.377247112949576,42.44254840507156,34.862856073871725,Memory Leak,Network Issues
49.79098406035852,45.65503772567684,55.365098435704034,31.96860323744055,Memory Leak,CPU Overload
51.17327383308782,46.9082787653136,41.01532018208962,34.158640569945106,CPU Overload,Network Issues
62.77664895788425,52.22133771633713,50.281811573691286,52.67126651011483,Network Issues,Memory Leak
44.0842861116417,45.212513783365225,49.90881003355796,55.08725023229934,Network Issues,CPU Overload
55.470973811700375,62.55756125573521,60.85895565831578,34.188092979678665,CPU Overload,Memory Leak
47.97807347566106,41.05392697780496,54.746982328799525,58.950383140761154,Memory Leak,CPU Overload
47.8231879677278,48.13128355838641,49.74973041254856,45.1693894831656,Memory Leak,CPU Overload
60.9877685198719,45.60268941725825,58.17766299200287,51.467930119855495,Memory Leak,CPU Overload
58.2541634898803,64.46977884353733,63.90207549017313,66.12220628255425,CPU Overload,Memory Leak
58.13509636000639,51.965547765115744,55.57810306351863,58.96839315865532,Memory Leak,Memory Leak
63.05478807154329,60.31844539468635,50.103526198433805,47.31469352094168,CPU Overload,Memory Leak
50.21003841632759,35.14439626963028,36.8816376764984,41.08807774584713,CPU Overload,CPU Overload
56.81952971294964,52.67050265869259,39.348863369246274,28.48184598670695,Network Issues,Network Issues
46.89733243406544,58.89630795623437,46.94775295645332,42.8084668075758,Memory Leak,Network Issues
53.24166352488442,50.82283989275424,43.90487797840717,47.88869761172305,CPU Overload,Memory Leak
48.69856945632316,60.65480375065352,48.13028697014554,40.12820472848816,Memory Leak,Memory Leak
50.96995964992718,44.82711549899628,50.56649924897107,48.68743032907695,Memory Leak,CPU Overload
55.95157025436914,64.0934744018558,55.29692754356731,50.76851882958768,Network Issues,Memory Leak
41.81779316766527,72.9889812361925,49.29501221940909,47.751440181919214,Memory Leak,Memory Leak
70.9238727568546,46.37161439560341,54.86501643826202,43.4999741917654,Network Issues,Memory Leak
39.93982618500298,45.54497478599228,50.6447441481012,51.68654671966728,CPU Overload,CPU Overload
37.85811387212268,64.533844771177,30.245334336461287,54.41940649569409,Memory Leak,Network Issues
61.58110873500068,65.79572145730712,40.606646061812455,39.096009225571535,CPU Overload,Memory Leak
57.91662693962936,44.77139972846732,48.55912444278385,64.10932379746271,Memory Leak,Memory Leak
56.24119817052155,45.798131829041424,37.90305257158892,49.01411867715738,CPU Overload,Network Issues
56.2834550926428,47.18215391139493,55.99928729996205,50.18849622944848,Memory Leak,CPU Overload
49.87753227153085,36.555494889657226,65.30750832343698,57.08214423256557,Memory Leak,CPU Overload
41.02745628514168,40.81348053515802,62.18761851697317,52.332161312635016,Memory Leak,CPU Overload
50.75804558193726,39.95859233247932,47.86557129069792,59.53136633913245,Memory Leak,CPU Overload
43.22838288487888,42.32202434895871,64.90726136849952,52.87124165201824,Memory Leak,CPU Overload
59.75119733417751,49.65315112613219,51.48667457202112,43.87562625359562,Memory Leak,Memory Leak
48.52942618497861,52.3421473253652,46.629140288819606,53.61503525206102,Memory Leak,Memory Leak
41.745028032074885,65.50500492814076,43.8659733645906,38.56273792679338,Memory Leak,Network Issues
46.78614158347007,40.016459592612094,46.97530313511872,51.085597057765234,Memory Leak,CPU Overload
54.12931454275624,59.84322398476584,46.11823181458772,49.66770009355539,CPU Overload,Memory Leak
44.36275447196025,47.86011155774491,51.70416222375488,47.91883142727461,Network Issues,CPU Overload
41.77779604433569,49.50536290347567,51.60573981049865,48.71462488561069,Memory Leak,CPU Overload
52.436872114919126,56.74819492166604,50.03046020153415,31.18150954502361,Network Issues,Memory Leak
52.44966571108723,38.772779784377015,54.369381697463496,44.51275092259039,Memory Leak,CPU Overload
44.9305682462887,53.82409746184051,61.906462747863415,50.928449011411146,Memory Leak,CPU Overload
45.289616943816775,51.66452208213056,59.495541354413234,51.598563919974005,CPU Overload,CPU Overload
52.32049937357636,54.92451264008149,35.151020315500965,39.72324859074042,CPU Overload,Network Issues
35.51915658502676,52.89168643907818,24.46078865098045,62.65707840864701,Network Issues,Network Issues
35.92536225623445,74.55300139910895,59.34319911239274,41.33825151785499,CPU Overload,Memory Leak
42.81555778747564,43.62260015748684,36.33121301584579,59.69457200526737,CPU Overload,Network Issues
47.86552848288153,44.69003044998183,47.75234598107316,54.27194361871685,Network Issues,CPU Overload
53.10907565598005,43.76859473575236,38.298869739406406,43.53772690156197,CPU Overload,Network Issues
64.75356216949552,44.44522880839745,31.9801956241998,67.75310892609512,Memory Leak,Memory Leak
58.576596232020194,43.62612872693482,55.41462728204788,38.0636316824352,Network Issues,CPU Overload
48.40061470036573,61.89016531107552,57.59155160302647,59.191541736100014,Network Issues,Memory Leak
49.80983792097311,64.20504247989855,44.2348959927328,60.005823180429786,Memory Leak,Memory Leak
39.97470635362191,44.29253706250524,24.089577078550903,43.293797909233554,CPU Overload,Network Issues
49.8148686400761,41.67644426895771,44.53755551747517,63.92465300064329,Network Issues,CPU Overload
47.11341361079862,54.71415556386404,53.91804005402547,47.49953485401047,Network Issues,Memory Leak
53.227185603380896,44.477769557190285,35.21088431225871,52.88693629279857,Memory Leak,Network Issues
41.72769056447677,56.32931817755511,51.83359919779156,52.60321838771221,Memory Leak,Memory Leak
55.193465142411725,52.029230208513,49.84690150827005,48.65691258529452,CPU Overload,Memory Leak
65.32738913002578,34.84255885002768,55.792914996010886,58.10808273159782,Network Issues,CPU Overload
48.91239851543143,65.47505201330061,51.19580368414153,57.93488720552213,CPU Overload,Memory Leak
54.01711722098941,67.95877673095522,40.26931059118444,32.51468026761819,CPU Overload,Memory Leak
56.90143991711113,43.87211309515614,61.965715016644914,63.043402428781526,Memory Leak,CPU Overload
45.98779528114164,46.12298440064016,48.4147042697303,33.37508011964326,Network Issues,CPU Overload
52.24092481810417,52.85865390724905,49.72695460490068,60.32546204341657,Network Issues,Memory Leak
50.12592400781795,53.34456789987025,40.66732040926805,61.26705136827583,Network Issues,Memory Leak
50.97676098548832,56.5854427267283,45.567177488084894,39.09033569784802,Memory Leak,Network Issues
42.26990216144534,70.1020453876635,41.15197285973099,45.89185712045416,Memory Leak,Network Issues
50.24510174258943,48.2305277250595,48.27053940076577,38.94295331514064,Memory Leak,CPU Overload
54.979982912454496,42.01702755461546,67.11708480142343,47.850789697112646,Memory Leak,CPU Overload
64.51143607795042,36.20680771985473,36.28098857068643,46.91965715814258,Memory Leak,CPU Overload
59.59270826085207,42.69069960058081,33.86438602123259,57.7966053226934,Network Issues,Network Issues
71.53182457511556,49.66873027126203,64.71170327493608,63.10308746119608,CPU Overload,Memory Leak
42.326524371119504,67.94557863517788,47.90676322848134,63.95683810789956,Network Issues,Memory Leak
58.72320636720679,44.82388700963829,43.30927261340084,44.37831973421698,CPU Overload,Memory Leak
51.83342005738352,52.237879516388986,60.39904687396076,47.90778126255472,Memory Leak,CPU Overload
71.89802933217672,49.83577103927248,43.94384460263136,33.1656180777905,CPU Overload,Memory Leak
41.91701714644849,61.88393273448084,68.26009713546937,41.94129933503811,Network Issues,Memory Leak
41.60278157819224,75.26932425873622,56.77925871339269,59.64851633097457,Network Issues,Memory Leak
44.00607354555978,44.69131227079679,45.120885918542974,66.15582823548232,CPU Overload,CPU Overload
28.76104275690193,45.10560557481778,71.57308213265503,37.65651128120078,Memory Leak,CPU Overload
44.74244978319239,60.44160877069072,43.94285076996662,44.075357408471056,Memory Leak,Network Issues
42.40867338446302,56.81891489626312,57.42095372009307,49.73594243041073,Network Issues,Memory Leak
51.50393786476208,68.46707325736034,52.99292580406492,52.80161158819607,CPU Overload,Memory Leak
53.41755975777159,55.83928185325964,63.01741289398798,41.90396480078354,Memory Leak,Memory Leak
68.76170839215887,46.40707909212941,65.61511196726853,54.24061044464089,Memory Leak,Memory Leak
59.5042383818605,55.90654830692309,50.32004149065767,45.26160652929084,Network Issues,Memory Leak
44.23096344337597,61.08703580582908,42.46582129653817,49.855477291217206,Memory Leak,Network Issues
41.01585328651642,58.204821811973645,54.59972142939117,55.462842480037,CPU Overload,Memory Leak
54.919191715065054,55.07274031107298,43.22284630247894,50.064222698109376,Network Issues,Memory Leak
36.797667929793576,60.666746895891535,70.13387247526623,45.63614109473431,Network Issues,CPU Overload
68.31458765854353,61.69295590445672,51.36535331082737,48.90390196074169,CPU Overload,Memory Leak
61.79440120721287,63.82158991037527,46.34678448687891,49.11637040794665,Network Issues,Memory Leak
45.30824347895295,56.48709887589643,51.84680305864909,46.29988970117872,Memory Leak,Memory Leak
32.868654709091224,48.328819196831454,36.52873710470303,47.41203937332897,Memory Leak,Network Issues
63.53872374165413,51.46713686433323,40.28385961489349,65.98647170504717,CPU Overload,Memory Leak
48.85460154747382,62.06508966508357,62.00413907944426,55.60919447941239,Memory Leak,Memory Leak
62.378163119734616,41.83064329012764,43.43105721028604,47.0451968197084,CPU Overload,CPU Overload
34.05572341205633,53.68673308872901,39.5308901731806,56.96954404510736,CPU Overload,Network Issues
44.00624977046227,46.06661187672639,55.36652752527286,46.6618051024399,Memory Leak,CPU Overload
50.05243699718183,50.28744822934817,61.85704154662997,61.73124637586641,CPU Overload,Memory Leak
50.46980593764742,62.78451862607299,57.18953310665067,53.69642192198094,Memory Leak,Memory Leak
45.49934528520756,51.91099068019904,59.960476858058165,48.92697855995771,Network Issues,CPU Overload
56.228499323474985,50.46436548156149,42.43204911430539,54.477169258102776,Network Issues,Memory Leak
39.32379570617405,36.40143859020081,35.78189333258156,34.291238479315005,CPU Overload,CPU Overload
48.57620514978706,57.46253566027221,65.01333651955487,38.73232531090195,Memory Leak,CPU Overload
51.20295631711899,56.45484181141075,46.77320161157864,38.06074993600944,Memory Leak,Network Issues
55.14438834058749,71.6325472330546,47.49166983544953,51.429430947637066,Network Issues,Memory Leak
57.1161487808889,46.92221765046999,63.281941418490575,67.32514999485092,Network Issues,Memory Leak
38.75357908162131,52.19150327663939,55.5623000940066,72.31300146192632,Memory Leak,Memory Leak
34.65885829264378,52.49383683710755,54.55887772081608,56.38051101440757,CPU Overload,CPU Overload
62.77676821898509,65.77453279763475,71.65002344901083,55.00844474944457,Network Issues,Memory Leak
53.32314011979592,49.04704467613048,43.564817696198574,31.98942265847261,CPU Overload,Network Issues
42.51513463443446,52.7902152577034,59.278401280812375,44.57326200265978,CPU Overload,CPU Overload
65.51151975522524,56.078965097165394,50.570131248970846,42.12216248091761,Network Issues,Memory Leak
51.156746342928585,51.86609123156358,52.68592278863257,43.79152401748884,CPU Overload,Memory Leak
61.792971840638266,45.53566385449472,65.28468426412532,48.318561814152105,CPU Overload,CPU Overload
50.67518481410109,51.94089992898308,55.07835756289624,45.27909422302873,Memory Leak,CPU Overload
70.60747924881987,60.73631749859772,55.38296079049633,30.20700189624212,CPU Overload,Memory Leak
67.55340842443204,39.7348470058894,60.72507337309802,57.47910256117534,Memory Leak,CPU Overload
47.51035851520926,51.32969674146876,46.350472704571146,39.27256974260193,Network Issues,Network Issues
59.71570950954356,42.99879185060827,41.607903326609936,52.39246864111149,Network Issues,Memory Leak
56.45375949585147,61.950466289248425,39.55190805978967,70.74082669749973,Memory Leak,Memory Leak
63.68631557532349,34.76813095216225,30.33643410623998,40.80615408413577,Network Issues,Network Issues
40.35076539419896,44.41078152728412,70.56207129940321,24.697124772536704,CPU Overload,CPU Overload
56.86051459998439,53.772118750645205,38.96791634278317,47.139957781198895,CPU Overload,Memory Leak
60.58424486849588,65.65524029234341,47.78746376414228,61.00959634998571,CPU Overload,Memory Leak
32.41260513576886,49.34249738927012,47.23186700111079,69.58347454220593,Network Issues,CPU Overload
38.16741487334225,44.44800473306802,53.07406697809101,37.70450405547583,CPU Overload,CPU Overload
29.607678222398995,68.8115706944059,58.15737212539297,54.966992232365214,Network Issues,Memory Leak
47.30593165555442,35.51986099583756,58.60473488359745,45.34689543219947,CPU Overload,CPU Overload
57.17542255795962,28.011940433799182,44.16922561431062,48.94051645695864,Memory Leak,CPU Overload
65.02357052096028,54.40014450053332,48.32878286213589,76.44343347017035,Network Issues,Memory Leak
50.74094780419775,44.97945775647389,52.825799504882994,34.970296716048466,Network Issues,CPU Overload
66.28615545571292,39.78767182869287,47.51308873816453,52.537396614945735,CPU Overload,Memory Leak
36.19898541785109,57.08356447299353,66.07345576019992,54.676931717654334,Network Issues,CPU Overload
32.96617560644845,52.43800713771199,54.90974951638251,60.85786324939348,Network Issues,CPU Overload
49.44452301103381,44.35921369263272,57.348777860498174,50.97983153470896,Memory Leak,CPU Overload
53.840654489393074,37.19695601329106,56.62881268667413,53.08050539504102,Memory Leak,CPU Overload
49.67305251905907,58.72457328280144,61.73473857485325,46.08351432578209,CPU Overload,Memory Leak
29.325578999601237,56.50201177958661,51.81021558703707,52.69126941245107,Memory Leak,Network Issues
49.10879960487212,49.00824136220617,37.03168052044153,46.5680772450259,CPU Overload,Network Issues
36.95530499495147,68.46636996047665,53.996879517526416,56.21571889856051,CPU Overload,Memory Leak
56.69672548830039,39.29915233673847,43.48643106208171,46.30389663956366,CPU Overload,CPU Overload
53.66598246096848,34.74474829075261,44.713833182502434,53.77100393902187,Network Issues,CPU Overload
40.60120213672645,43.08091930118756,55.863640187550935,49.707371863150215,Memory Leak,CPU Overload
44.861330826633065,49.54413983644502,62.38283071433636,61.26050250772168,CPU Overload,CPU Overload
39.40786478111048,52.43339449322692,50.21271576736061,49.48606276411514,Memory Leak,CPU Overload
49.37320902726828,47.5876394214367,53.08833012598964,32.26967531793119,CPU Overload,CPU Overload
59.551423205012384,53.520553965142966,67.02214944635239,62.61921500713992,Memory Leak,Memory Leak
40.14273953664456,37.48460575809556,52.407531794885685,40.94267699137381,Memory Leak,CPU Overload
55.040465155178445,64.4376460407326,76.01683114180395,43.4623366135118,CPU Overload,Memory Leak
44.69742381627559,49.17848821607432,55.65509645631544,44.04338705956508,Network Issues,CPU Overload
42.07127167737656,61.17295831588128,32.39237240844182,63.74438093170817,Memory Leak,Network Issues
48.929696400454425,53.42725346377704,57.53341621104533,28.643257860213044,Network Issues,CPU Overload
39.64757677580626,54.56753219153784,53.81158384882778,81.37748533659993,Network Issues,Memory Leak
44.46350694652818,55.69767280232204,62.897527540827454,60.56056809066052,CPU Overload,Memory Leak
38.02122107411152,54.47708560017315,56.73181351269958,52.2323891412916,CPU Overload,CPU Overload
69.6472513291639,56.42722759867544,48.615440160162265,49.451059993837134,CPU Overload,Memory Leak
50.35263551971729,63.29152530132431,37.75701763710634,52.85554074857657,Memory Leak,Memory Leak
43.00274492007414,51.9652116970147,47.90976742713975,55.211224283793385,CPU Overload,Network Issues
52.13979910734222,57.09003757588512,41.494795457907,56.45215585950057,CPU Overload,Memory Leak
48.8767195030917,49.102643057127736,44.19476550195277,55.55604466003449,Memory Leak,Network Issues
47.79030400466777,64.40117215449473,55.8857840442061,50.895806812552486,Memory Leak,Memory Leak
56.14166700043425,43.2360769794073,66.69904504351406,48.02661579692674,CPU Overload,CPU Overload
57.57507710047305,68.00940432910815,53.94671529822981,48.487267163464885,CPU Overload,Memory Leak
44.69498852389472,49.59842049355657,38.04116937964815,48.05091719647319,CPU Overload,Network Issues
44.2418175935532,35.69224897881952,54.446026682201406,61.337700968670646,CPU Overload,CPU Overload
47.24948302848356,51.28104414910789,61.966314866456514,55.935567222808615,Network Issues,CPU Overload
26.98078835264415,43.18948342525119,43.90217095680618,20.5961136533572,Network Issues,CPU Overload
34.84808937801448,58.40643548988725,48.65982833327082,56.55900776529761,CPU Overload,Network Issues
63.66874267444525,43.47376020697609,50.14688194729197,51.94736194718775,Network Issues,Memory Leak
66.44967713501283,45.538165667852205,42.1510168691776,49.81291243554102,Memory Leak,Memory Leak
47.50963960443622,31.10459269054469,56.48280433843859,46.11481546911114,Network Issues,CPU Overload
55.765569630557664,45.47693680750923,48.79051851392219,61.24112719986013,Network Issues,Memory Leak
53.11250154543536,25.761206733710434,54.19532443907028,59.475264621228575,CPU Overload,CPU Overload
80.78880808455239,34.16097176514277,41.125078221979,42.27122332176391,Network Issues,Memory Leak
61.195749114345766,57.604146561442974,45.62541699676589,54.07052287124535,Network Issues,Memory Leak
48.72082408519233,57.85800158650832,57.22381357827771,40.28343265458714,Network Issues,Memory Leak
40.44459559399574,54.254575617849646,46.27166847908233,36.20381835211069,Network Issues,Network Issues
33.93553679742428,40.33023856870787,67.26963851233405,43.73282775410035,Memory Leak,CPU Overload
52.03463635867223,49.5228864385802,46.003638143853976,58.62393472382759,CPU Overload,Memory Leak
42.436492547156966,49.96397460909432,52.24684725751886,59.53125045376087,CPU Overload,CPU Overload
35.77746290402326,38.416353108074574,59.325908318730896,55.13085420097293,Memory Leak,CPU Overload
43.534271157574736,65.0339830176715,35.816342670669684,57.25095786847997,Network Issues,Network Issues
39.18451996385605,58.77362290575671,32.39191188019224,55.16178287114958,Memory Leak,Network Issues
66.87141635072564,47.79035826170336,34.74343685429905,43.58518404777048,Network Issues,Memory Leak
58.816397569494505,50.26885838994531,62.62584103427182,54.31922544673941,Memory Leak,Memory Leak
49.92027358683383,52.08382807947552,44.481418541075534,58.00409525227683,CPU Overload,Memory Leak
64.79944138890026,29.582651315757094,75.58199285668252,57.542913298135744,CPU Overload,CPU Overload
50.77368307647618,47.52822617479403,44.35752401342612,61.88913371474643,CPU Overload,Memory Leak
41.38715798671736,43.180157520022014,51.84551303197037,57.08303847201064,Network Issues,CPU Overload
65.23124077269657,39.98379990105085,65.42109952567876,53.51448207541583,Network Issues,CPU Overload
55.38910043684659,47.18899707114045,70.06092888159122,60.70150238316428,Memory Leak,CPU Overload
39.62753845673544,67.97686526849523,70.61503576636397,49.7347874075094,Memory Leak,Memory Leak
48.09661321916392,56.4084286126701,62.08366230593143,41.18125348772282,CPU Overload,CPU Overload
41.24381746615243,44.28821010217203,60.24062525811463,48.36933036056236,Network Issues,CPU Overload
36.17200269035664,55.72582781356159,55.92526949201183,42.55097355193551,Memory Leak,CPU Overload
